timestamp,thrust_0,thrust_1,thrust_2,thrust_3,thrust_4,thrust_5
294.834,3.470334462,-1.808525201,-1.76917308,0.526385063,2.881362801,-3.673568673
294.884,3.934593899,-2.496742532,-2.460666089,1.205175166,3.388188593,-4.102163304
294.934,4.316340932,-3.109423336,-3.07803413,1.92581457,3.723236137,-4.445241626
294.984,4.625886471,-3.633098469,-3.60665532,2.603501254,3.464592454,-4.188485952
295.034,4.867633275,-4.015965186,-3.934807167,3.046011374,3.492250578,-4.218597295
295.084,4.921906824,-3.255423808,-2.125116824,0.829691235,3.497932115,-4.223240648
295.134,5.098640749,-2.994627338,-1.425236882,0.063359748,3.629284815,-4.359050139
295.184,5.005183247,-1.567428827,-1.529814393,-0.029801152,3.416519469,-4.145121228
295.234,5.176170765,-2.096043853,-2.22379475,3.07511E-05,3.810540785,-4.484998856
295.284,5.311325173,-2.756569661,-2.870125284,0.191749882,3.998816216,-4.685956194
295.334,5.417790041,-3.333555833,-3.430522756,0.707168932,3.742399642,-4.447445932
295.384,5.501436748,-3.820862619,-3.901554069,1.158041792,3.449424191,-4.16649417
295.434,5.567024718,-4.223395064,-4.278640734,1.436717305,3.638012632,-4.363928859
295.484,5.618373889,-4.550848489,-4.339678098,1.526987463,3.635494456,-4.363288031
295.534,5.658527947,-4.798718605,-4.150864326,1.329909114,3.746510389,-4.479552808
295.584,5.689898994,-4.679353507,-4.320549898,1.266122488,3.769970767,-4.503330076
295.634,5.487533777,-4.706828849,-4.298110748,1.149302838,3.863243048,-4.601165737
295.684,1.743339951,-1.354903205,-1.170366564,0.091295563,3.768655694,-4.506171633
295.734,1.331026635,-0.328724715,-0.095956059,-0.08847661,3.873621191,-4.615507535
295.784,2.048532402,-0.959004474,-0.599096768,0.090668205,3.623672579,-4.365902172
295.834,2.7140581,-1.678154708,-1.289515374,0.58870634,3.853169462,-4.592897876
295.884,3.297106052,-2.376693061,-2.008307134,1.277618992,4.234249607,-4.848001141
295.934,3.790448631,-3.004697689,-2.677941304,1.996734793,4.532043402,-5.031360144
295.984,4.198479267,-3.544726092,-3.266073388,2.667529229,4.201152309,-4.764463321
296.034,4.530698403,-3.996196039,-3.764518473,3.2571156,4.183007096,-4.793794086
296.084,4.798191994,-4.366540195,-4.177216196,3.757027284,4.114719812,-4.762142364
296.134,5.011830067,-4.651013541,-4.480434506,4.0258769,4.074464233,-4.755548108
296.184,5.181434583,-4.559754035,-4.018208267,1.677704464,3.686855679,-4.399437804
296.234,5.096763642,-4.463519756,-3.266729335,0.44916235,3.648004433,-4.379103897
296.284,1.596356459,-1.257543817,-0.772629099,-0.000117009,3.779668046,-4.521633505
296.334,1.706232758,-0.330845951,-0.082814579,-0.243305177,3.765534282,-4.520082274
296.384,2.402679146,-0.961823697,-0.57287584,0.02208641,3.407332703,-4.171680119
296.434,3.027433897,-1.681058265,-1.259398292,0.420561987,3.543656327,-4.311549721
296.484,3.56394832,-2.379383743,-1.978970884,1.077079078,3.635562463,-4.400759094
296.534,4.01208537,-3.007053632,-2.651527176,1.798346314,3.734534469,-4.501135117
296.584,4.379472248,-3.546718867,-3.24333853,2.487423778,3.388826877,-4.155061
296.634,4.676739889,-3.997843823,-3.74550031,3.086893754,3.4023138,-4.166024085
296.684,4.915012825,-4.367881602,-4.149809306,3.246113092,3.18256053,-3.941146247
296.734,5.064228793,-4.492676733,-4.083122249,2.645619803,3.243895515,-3.999907479
296.784,4.388733675,-1.70190894,-1.692093095,0.544366581,3.326890963,-4.077645943
296.834,4.683610412,-1.643624302,-1.323559718,0.015857337,3.500875034,-4.252634095
296.884,4.907839448,-1.84704441,-0.447058201,-0.117728259,3.62692706,-4.375218038
296.934,5.098986631,-2.531927419,-0.845361238,-0.002689318,3.656873528,-4.406451184
296.984,5.25038152,-3.139970879,-1.559558804,0.242436591,3.530070963,-4.275933415
297.034,5.369822086,-3.658796778,-2.26607969,0.839478905,3.648547318,-4.396457182
297.084,5.463772974,-4.090323215,-2.907482247,1.553331802,3.498052332,-4.241560227
297.134,5.537506366,-4.443054356,-3.46230054,2.260231846,3.626092858,-4.370365994
297.184,5.595272295,-4.727865241,-3.927930653,2.902322471,3.814656198,-4.556243431
297.234,5.427650355,-4.744698747,-4.114168319,3.281953638,3.926805508,-4.670172476
297.284,1.877987102,-1.384973082,-1.096015778,0.771098506,3.836352561,-4.575343501
297.334,1.567530093,-0.507020436,-0.109228367,0.039619634,3.84789868,-4.589257611
297.384,2.273559588,-1.182251755,-0.624348858,0.473046643,3.35886301,-4.107875737
297.434,2.914079015,-1.90320525,-1.318228493,1.141505615,3.554585944,-4.297289027
297.484,3.467905997,-2.583008105,-2.036156079,1.862806424,4.004347743,-4.610521796
297.534,3.932579975,-3.184206058,-2.702958205,2.546289455,4.343788165,-4.840087082
297.584,4.314698106,-3.695948354,-3.287575179,3.152421612,3.998209333,-4.559214299
297.634,4.624561922,-4.120895243,-3.782488432,3.669261023,3.748566591,-4.363703492
297.684,4.873326186,-4.467857585,-4.191953819,4.098938354,3.606987788,-4.258478279
297.734,5.071577839,-4.747784731,-4.525418626,4.428337857,3.670582577,-4.351440521
297.784,5.22871417,-4.971683202,-4.793960156,4.214064042,3.729634539,-4.430645354
297.834,5.13326512,-4.934389869,-4.796225239,3.545227295,3.757121405,-4.477640126
297.884,1.522767811,-1.43334058,-1.375530053,0.871646943,3.643914999,-4.376215351
297.934,0.268302872,-0.170426667,-0.149952939,0.037767337,3.708085733,-4.451297019
297.984,0.643687364,-0.013651751,0.001855315,-0.114294955,3.654525913,-4.401332002
298.034,1.340035271,-0.389078639,-0.249221081,0.029586973,3.328721969,-4.086322231
298.084,2.057230829,-1.037448457,-0.849271627,0.444524245,3.180972651,-3.936891241
298.134,2.721852928,-1.758316449,-1.563693201,1.106731733,3.315095583,-4.071554064
298.184,3.303795624,-2.450689328,-2.269960064,1.828106099,3.473773185,-4.227264531
298.234,3.796033891,-3.069341318,-2.9109049,2.514644023,3.531968599,-4.284718701
298.284,4.203056772,-3.599325584,-3.46520909,3.124973472,3.399113263,-4.146995294
298.334,4.534401476,-3.979428013,-3.916382951,3.502466584,3.359052482,-4.105702796
298.384,4.800721364,-3.039265774,-3.957054204,1.304603996,3.33297254,-4.075097748
298.434,5.004337127,-2.460838552,-3.472075269,0.263994341,3.458979786,-4.202003569
298.484,5.175500638,-2.895790881,-3.324031928,0.024452318,3.665403569,-4.406748556
298.534,5.301486522,-3.336192402,-3.467803788,0.129588762,3.455331923,-4.198759147
298.584,5.212307698,-1.573429722,-3.341446442,-0.002489694,3.139972343,-3.883538634
298.634,5.339822241,-1.884848579,-3.540393024,0.009839335,3.221613578,-3.963708155
298.684,5.440198046,-2.566339891,-3.992612688,0.292851722,3.219086173,-3.955636447
298.734,5.5190182,-3.169786135,-4.363622863,0.898896272,3.228379651,-3.963855453
298.784,5.580796064,-3.683845488,-4.661876264,1.29127401,3.315598721,-4.047886948
298.834,5.554322701,-3.951922294,-4.679385409,1.712966009,3.306251162,-4.039714866
298.884,4.114257407,-1.517339668,-1.753321545,0.24732888,3.046125875,-3.780007827
298.934,3.938160327,-1.601508507,-0.856146637,0.006996243,3.143160924,-3.877781808
298.984,1.295763069,-0.239236166,-0.048449107,-0.207420365,3.446970649,-4.18304114
299.034,1.724588164,-0.444738632,-0.138120841,-0.337239059,3.526601015,-4.263435594
299.084,2.419627191,-1.106995167,-0.676019979,0.006480028,3.505355418,-4.238758471
299.134,3.042242078,-1.828369774,-1.376162284,0.35457075,3.531995122,-4.266708981
299.184,3.576456868,-2.514884862,-2.092005871,0.993031277,3.550461881,-4.281503426
299.234,4.022418966,-3.125182563,-2.752962694,1.713084305,3.595422036,-4.327166926
299.284,4.387879084,-3.646360392,-3.330466395,2.409009006,3.596798622,-4.325619436
299.334,4.683504897,-4.067380751,-3.804181726,2.981043489,3.495359829,-4.226246426
299.384,4.912745475,-4.121730335,-3.844713149,2.328501529,3.292114735,-4.022137422
299.434,4.742967496,-3.722312849,-2.920188336,0.920527687,3.185447117,-3.91740726
299.484,1.616117451,-0.968308852,-0.647221352,0.046794563,3.009988824,-3.740926388
299.534,1.463659126,-0.340620742,-0.077154174,-0.076508682,2.783724504,-3.519641725
299.584,2.17554566,-0.974752191,-0.561136939,0.100709863,2.876229398,-3.610127834
299.634,2.827362409,-1.69435123,-1.24580981,0.608270614,2.909663913,-3.645418998
299.684,3.394073258,-2.391691918,-1.965691396,1.299978653,2.976970055,-3.710357355
299.734,3.871259184,-3.017825382,-2.639549428,2.018468825,3.057292919,-3.792787746
299.784,4.264624603,-3.55582734,-3.233018165,2.687076111,3.173260855,-3.906883958
299.834,4.575552029,-3.933458529,-3.710472574,3.143672037,3.176303613,-3.91169089
299.884,4.624585845,-2.813783898,-3.514556629,1.220245374,3.26690698,-4.000552317
299.934,4.372968037,-2.200948695,-2.943241296,0.366339536,3.230091954,-3.966700168
299.984,4.671504831,-2.849895412,-3.492664333,0.93499443,2.936362472,-3.67525914
300.034,4.827584509,-3.26767518,-3.776868895,1.532390659,3.021246561,-3.760571915
300.084,3.375279212,-1.177102547,-1.12092749,0.192927368,3.074645038,-3.810144738
300.134,3.35200357,-1.365406408,-0.353981377,0.000650348,3.017472262,-3.753038417
300.184,3.836238252,-2.081670347,-0.992262955,0.305396563,3.224743874,-3.959900916
300.234,4.235981317,-2.743725284,-1.712298324,0.927662474,3.262315947,-3.99853769
300.284,4.561021687,-3.322551676,-2.408283092,1.645755089,3.06570525,-3.800289233
300.334,4.822485078,-3.811685469,-3.03233205,2.338539928,2.733887331,-3.476965479
300.384,5.031160336,-4.215879665,-3.567777778,2.76494113,2.898689476,-3.639007673
300.434,4.980506707,-4.342707874,-3.818669439,2.806761829,2.992213744,-3.732710605
300.484,1.452717872,-1.188513653,-0.978360289,0.595967823,2.950845398,-3.686283032
300.534,0.18142067,-0.103489893,-0.058252858,0.004686771,2.923110463,-3.658339322
300.584,0.073967856,0.014195184,0.048548222,-0.194465578,3.211225167,-3.947797569
300.634,0.554394537,-0.193579731,-0.076050435,-0.00013444,3.218467476,-3.955694042
300.684,1.237974458,-0.766360974,-0.558812818,0.274299395,3.049466328,-3.784043813
300.734,1.958021722,-1.475117579,-1.243111502,0.884826288,2.920976825,-3.657134523
300.784,2.632625546,-2.186417689,-1.963051182,1.601102035,2.890005476,-3.622937313
300.834,3.227049191,-2.837011182,-2.637166447,2.304988864,2.776319228,-3.511515029
300.884,3.731862674,-3.402304424,-3.230964096,2.938920459,2.798394218,-3.530803932
300.934,4.150410816,-3.836560617,-3.723036296,3.306923349,2.793048875,-3.527152039
300.984,4.471361598,-3.294279903,-3.830869099,1.527830535,2.987193426,-3.721521431
301.034,4.31472589,-2.381536034,-3.273378525,0.470436233,3.088741698,-3.825418399
301.084,4.624584324,-2.513288165,-3.770625501,0.715832067,3.069417035,-3.802783886
301.134,4.873344095,-3.034147991,-4.176164092,1.254813552,2.96019815,-3.695107021
301.184,5.071592067,-3.413397561,-4.367977268,1.259676286,2.948626907,-3.680526208
301.234,5.011822439,-3.641856021,-4.21064616,1.371869264,2.839522279,-3.573453248
301.284,1.476856625,-0.909104874,-1.139658828,0.143958447,2.937258263,-3.669998399
301.334,0.310812874,-0.064782989,-0.14990583,-0.047448259,2.785335712,-3.521828537
301.384,0.934996389,-0.439562468,-0.480356888,-0.058359055,2.58910929,-3.325101636
301.434,1.653356507,-1.100625775,-1.150332638,0.118767304,2.497828345,-3.234823787
301.484,2.35367995,-1.821991102,-1.871581662,0.641859431,2.602789932,-3.337574605
301.534,2.984530743,-2.509056974,-2.554276477,1.337980566,2.567191386,-3.302819
301.584,3.527658812,-3.120122078,-3.159341156,2.055247837,2.748693993,-3.484265816
301.634,3.98207839,-3.642102843,-3.675074084,2.7200764,2.897701522,-3.635917844
301.684,4.355044584,-4.076572492,-4.103722808,3.302271243,3.110738735,-3.848762981
301.734,4.452500009,-4.232380316,-4.253916867,3.610319428,3.075499804,-3.814210659
301.784,1.237316663,-1.143704717,-1.152429238,0.89684859,3.191504385,-3.927968785
301.834,0.175593468,-0.117810971,-0.122767948,0.055974295,3.142372845,-3.879965048
301.884,0.738076437,-0.487137674,-0.620830902,0.140520247,2.948126041,-3.683683138
301.934,1.44443023,-1.148768317,-1.304282911,0.629226729,2.822614662,-3.559440953
301.984,2.157266208,-1.616461995,-1.768307952,0.225669369,3.231992302,-3.974325252
302.034,2.811122396,-2.319329799,-2.459871457,0.556722237,3.260191568,-4.001882641
302.084,3.380210059,-2.954372133,-3.077341959,1.240682042,2.977271516,-3.717479799
302.134,3.859725298,-3.502105004,-3.606071792,1.960673095,2.770925717,-3.51132423
302.184,4.255194859,-3.960923813,-4.046865441,2.635019605,2.711002366,-3.445428517
302.234,4.373766946,-4.140452369,-4.208796299,3.05915049,2.55617608,-3.290225172
302.284,1.201178928,-1.106589741,-1.134163441,0.687887444,2.698347753,-3.429584239
302.334,0.135952288,-0.111837222,-0.118724986,0.025951285,2.731541512,-3.461788363
302.384,0.672274059,-0.629187138,-0.64178281,0.433261733,2.92989605,-3.659373076
302.434,1.371997295,-1.323698779,-1.33789441,1.092846799,2.914968878,-3.643971482
302.484,2.088005428,-2.041448796,-2.055164676,1.814190898,2.800026778,-3.526539113
302.534,2.749388156,-2.666925979,-2.702383054,2.383200621,2.392950767,-3.134387666
302.584,3.318711228,-2.320658767,-2.859275413,0.794218785,2.300792327,-3.035775056
302.634,3.613466744,-1.83579852,-2.785990367,0.182400907,2.142793917,-2.876854182
302.684,4.052965655,-2.521667849,-3.358733319,0.546973163,2.235510397,-2.965538253
302.734,4.3521565,-2.980928776,-3.680145366,1.047506489,2.167385055,-2.89575741
302.784,3.381543277,-0.862141435,-1.22428074,0.071287112,2.26588836,-2.991762006
302.834,2.959915424,-0.203792123,-0.415263231,-0.064364056,2.176050948,-2.901883761
302.884,3.501745896,-0.274885838,-0.930699425,-0.145590698,2.306841279,-3.031860656
302.934,3.960626381,-0.81693494,-1.648904319,0.033591205,2.22361274,-2.949278971
302.984,4.337566838,-1.529379599,-2.349541935,0.456305527,2.293562699,-3.017595007
303.034,4.642994511,-2.214972321,-2.976202146,1.088904879,2.330156899,-3.054940914
303.084,4.873102785,-2.300463068,-3.393476679,1.003580132,2.359005923,-3.08280228
303.134,4.752885908,-2.023659576,-3.441843746,0.853893804,2.135976773,-2.867475378
303.184,4.975748338,-2.23717138,-3.910954613,1.137590991,2.437007038,-3.173744666
303.234,5.150265262,-2.340186418,-4.274115348,1.451428721,2.505068102,-3.241246787
303.284,5.220101659,-2.224571153,-4.07890685,0.706575614,2.343067009,-3.076591832
303.334,4.957516793,-2.05487864,-3.790984949,0.699368489,2.181535483,-2.915102333
303.384,3.816131542,-0.701355829,-1.445317106,0.028732525,2.13951686,-2.869043495
303.434,3.681886096,-0.859331744,-1.447500223,0.016849844,1.855976763,-2.594622328
303.484,1.560944711,-0.068686625,-0.365624555,-0.157960816,1.879293988,-2.612207201
303.534,1.841005579,-0.157524804,-0.732664664,-0.012914931,1.844336204,-2.574342014
303.584,0.757933484,0.021559057,-0.220551819,-0.296659704,2.102575555,-2.836397411
303.634,1.171835363,-0.000864782,-0.682672919,-0.024043248,2.061118087,-2.79218314
303.684,1.892903703,-0.308767344,-1.383546627,0.169749022,1.872938595,-2.603295045
303.734,2.573657403,-0.932230833,-2.099093007,0.728695647,1.70286044,-2.435611736
303.784,3.176118343,-1.650491535,-2.75929261,1.434195448,2.030463454,-2.771242758
303.834,3.689161147,-2.35101737,-3.3358877,2.147518815,2.148004039,-2.885595429
303.884,4.115313078,-2.974809967,-3.822806799,2.791482725,2.176855862,-2.908547809
303.934,4.449512077,-3.282731209,-4.193370909,2.988318382,2.055670878,-2.786265071
303.984,4.390175054,-2.279529664,-3.809779449,1.177100134,2.350601747,-3.08543198
304.034,3.589390872,-0.810132277,-3.067127643,0.292783566,2.407719286,-3.140340861
304.084,1.283161795,-0.032868884,-0.899450488,-0.00963887,2.699040831,-3.43412186
304.134,1.446339371,0.005138709,-1.106419715,-0.098729853,2.665028654,-3.398205619
304.184,2.159083045,-0.124169768,-1.35840303,-0.168179067,2.357951218,-3.094020619
304.234,2.812737504,-0.651568246,-2.074932594,0.031860983,2.121212132,-2.860068273
304.284,3.381589305,-1.34887855,-2.737699424,0.451287326,2.436315303,-3.178332296
304.334,3.843856107,-1.977180053,-3.306867249,1.07051956,2.514053137,-3.252079248
304.384,3.829209672,-0.863959581,-3.544781502,0.752113396,2.33719379,-3.071416887
304.434,3.215336154,-0.180887642,-3.456360502,0.563136709,1.90190832,-2.660686349
304.484,1.401905482,0.02543639,-1.442834347,0.006178094,2.175320837,-2.931871276
304.534,1.394974769,0.155289009,-1.606783115,-0.017085219,2.195308432,-2.942326555
304.584,2.110047503,-0.05101552,-2.310295842,0.185733982,2.40695955,-3.149682557
304.634,2.769069945,-0.502214286,-2.946429087,0.754126855,2.35582411,-3.092565169
304.684,3.344258013,-1.176529433,-3.495368591,1.46187534,2.063545176,-2.801184098
304.734,3.705844082,-1.778134645,-3.790277788,2.034811358,1.847285672,-2.584691776
304.784,1.753665495,-0.35294134,-1.25964397,0.337741426,2.018358292,-2.752698432
304.834,0.842797638,-0.00418372,-0.383816508,-0.000140948,1.94789846,-2.677603099
304.884,1.034006011,0.063236038,-0.384960955,-0.160267256,2.089190671,-2.81716672
304.934,1.717219503,-0.013388097,-0.991235736,-0.000491308,1.982043914,-2.70929981
304.984,2.412827242,-0.19070251,-1.25588306,-0.055115575,2.130879824,-2.857606752
305.034,3.036302603,-0.566314167,-1.809848494,0.008153941,2.052042031,-2.778301746
305.084,3.571440796,-1.251811021,-2.497953354,0.363718894,2.040641372,-2.76431002
305.134,4.002209934,-1.896406019,-3.087057764,0.937234722,1.893625124,-2.633493432
305.184,3.969601424,-0.984906527,-3.05925275,0.270878174,2.078138457,-2.81743181
305.234,3.251337551,-0.221007753,-2.741361536,0.014178668,2.022799199,-2.759143174
305.284,3.752193734,-0.635612169,-2.627418555,-0.002665331,2.11280203,-2.846052246
305.334,3.993251158,-1.070234733,-2.753632758,0.039639945,1.98734099,-2.720367412
305.384,1.293599734,-0.075090351,-0.743310286,-0.139697315,2.020874159,-2.750506139
305.434,0.374340587,0.064750375,-0.256308037,-0.504885763,1.910318493,-2.640500682
305.484,1.018611167,-0.038479376,-0.66716583,-0.170471251,2.027831835,-2.757334474
305.534,1.739182321,-0.469960791,-1.366309071,0.037908211,1.955960134,-2.685170632
305.582,2.433080324,-1.137769306,-2.082538309,0.468401723,1.881475309,-2.608711924
305.634,3.053985335,-1.859088051,-2.74450131,1.13587928,1.680751125,-2.415067731
305.684,3.586370361,-2.542903184,-3.323216734,1.857206191,1.947926773,-2.687998592
305.734,4.030605317,-3.144956875,-3.812240226,2.533061611,1.930965814,-2.668141147
305.784,4.38476171,-3.498702954,-4.215347794,2.912271647,2.195695056,-2.936541019
305.834,4.268778048,-2.545320235,-4.321063159,2.459296345,2.155435046,-2.893551587
305.884,1.158455946,-0.503727142,-1.179700429,0.474115615,2.157215945,-2.89698186
305.934,0.094335731,-0.000399119,-0.098044605,1.21483E-05,2.038895121,-2.777432487
305.984,-0.049487882,0.260661412,0.066883028,-0.276643347,2.219875788,-2.957489547
306.034,0.009618341,0.55719882,0.001863859,-0.666797684,2.186720425,-2.922243525
306.084,0.371058228,0.026225652,-0.249144055,-0.084027966,1.912118803,-2.653769405
306.134,1.014389463,-0.165359696,-0.849160885,0.094255489,1.449207257,-2.239301693
306.184,1.734884339,-0.721584081,-1.563576171,0.595777308,1.538957209,-2.313845794
306.234,2.429120386,-1.426416943,-2.26985025,1.285720113,1.54657128,-2.307088951
306.284,3.050529731,-2.140102273,-2.910808051,2.004617443,1.747124313,-2.514413962
306.334,3.583453747,-2.780886848,-3.465126796,2.650478837,1.667027183,-2.420617429
306.384,4.016975018,-2.897752205,-3.923848835,2.600173276,1.69998752,-2.442062307
306.434,4.006635142,-1.182084144,-4.007429935,1.167146828,1.548757447,-2.287206153
306.484,1.924431829,-0.101341427,-1.556828314,0.097925659,1.895163656,-2.642153892
306.534,1.718412699,0.03691467,-1.441674156,-0.038919672,1.938049674,-2.677141651
306.584,0.239889795,0.465667753,-0.166901166,-0.471156502,1.776716301,-2.509669358
306.634,-0.004715901,1.03284112,0.001231493,-1.039198396,1.623978992,-2.355960544
306.684,0.229713071,0.06693592,-0.255465422,-0.068200308,2.056295941,-2.803336952
306.734,0.820895321,-0.109743052,-0.858216781,0.107777366,2.244373054,-2.98714276
306.784,1.533597545,-0.625306427,-1.573135587,0.585811131,2.377300931,-3.113987402
306.834,2.241671622,-1.319311923,-2.278815506,1.267391294,2.114036117,-2.851440463
306.884,2.885932213,-2.018218242,-2.918712355,1.781497861,2.124156212,-2.854073857
306.934,3.443976156,-2.242874045,-3.471841988,1.841890676,1.994006617,-2.721809783
306.984,3.912724822,-2.845093988,-3.934081627,1.98434894,2.203880761,-2.931937534
307.034,4.246073306,-2.362558643,-4.244758143,1.048337163,2.217648764,-2.943089288
307.084,3.430531616,-0.480296171,-3.870065584,0.136140458,2.393009783,-3.11832071
307.134,2.509523418,-0.000375475,-3.638931561,-0.005571769,2.255769438,-2.981801309
307.184,0.491357949,0.267987496,-0.907967066,-0.349161719,1.908426108,-2.646776737
307.234,0.000385746,0.875968359,-0.046640733,-0.985967007,1.556733726,-2.31384935
307.284,-0.114535317,1.574621138,0.031792236,-1.673161734,1.585019706,-2.331788886
307.334,0.016115224,1.734672939,-0.116556463,-1.501194562,1.429803172,-2.172340516
307.384,0.398958352,0.243018401,-0.637844206,-0.177616683,1.443681222,-2.177929926
307.434,1.049971472,-0.019388472,-1.328393496,0.029925843,1.302652971,-2.034469792
307.484,1.770196924,-0.17295498,-1.907367958,-0.0013233,1.314273571,-2.039752375
307.534,2.441590649,-0.159519344,-2.408096441,-0.047097234,1.258120869,-1.98062231
307.584,3.061408894,-0.712028973,-3.032168935,0.132315157,1.571782641,-2.308401459
307.634,3.564361494,-1.326351835,-3.45437174,0.591920232,1.605686068,-2.33734512
307.684,3.340238056,-0.327607328,-1.697730175,0.008593658,1.937188513,-2.678294674
307.734,2.410279725,0.000679181,-0.610809055,-0.212124423,2.097926893,-2.837188205
307.784,0.508189435,0.305878082,-0.006562877,-0.794697492,2.001512386,-2.735352668
307.834,0.058986011,0.838251722,0.098107976,-1.390285409,1.73096033,-2.472018137
307.884,0.521159354,0.032498527,-0.083421941,-0.148626282,1.761754517,-2.496151474
307.934,1.186508303,-0.126801994,-0.542222149,0.034858944,1.682170608,-2.413305327
307.984,1.568028268,1.7695E-10,-0.408840866,-0.114971064,1.9754511,-2.713217101
308.034,1.826620472,0.099273898,-0.550909472,-0.465163528,2.00388068,-2.737315394
308.084,2.513286949,-0.08217431,-1.23391553,-0.013869076,1.911681671,-2.641434593
308.134,3.08123477,-0.48370818,-1.929927838,0.088163475,1.635829536,-2.375798732
308.184,2.590080522,-0.004521518,-2.014706734,-0.036429786,1.708193669,-2.442748041
308.234,1.134653846,0.187027792,-1.938986696,-0.326037498,1.632658184,-2.363600438
308.284,1.855985723,-0.038400453,-2.615422166,0.007756887,1.841870321,-2.575233114
308.334,2.54007707,-0.459745639,-3.212208317,0.357259689,1.797880469,-2.527771085
308.384,3.1461218,-0.770060242,-3.719429446,0.834300615,1.705302993,-2.432295968
308.434,3.470866498,-0.339612923,-3.972945179,1.076695954,1.552626429,-2.282482634
308.484,0.940453916,0.00622673,-1.364851271,0.07581679,1.838001344,-2.575880186
308.534,0.082803677,0.353098515,-0.417190467,-0.101330443,1.904819582,-2.639449286
308.584,-0.095271757,0.991111392,0.000819766,-0.609457149,2.017877986,-2.749856028
308.634,-0.525945517,1.616788675,0.242833758,-1.281617204,1.958557183,-2.68777497
308.684,-0.001026346,0.492382354,0.00196434,-1.421211647,1.777505751,-2.50763173
308.734,0.257876975,0.006038537,-0.248251985,-0.369963662,1.480088455,-2.227712744
308.784,0.861654486,-0.195708973,-0.847877608,-0.002814846,1.754453249,-2.506388574
308.834,1.576758811,-0.631129657,-1.562219792,0.164525727,1.753233224,-2.495983461
308.884,2.282211015,-1.272379415,-2.268577392,0.661906553,1.925737488,-2.665406733
308.934,2.921704771,-1.38049381,-2.908228639,1.010941047,1.846380957,-2.580055286
308.984,3.459365862,-1.613061266,-3.402041196,0.764981402,1.765276692,-2.493708156
309.034,3.414132476,-0.469736428,-3.114865989,0.085414534,1.597005432,-2.325771342
309.084,0.821294625,-1.00629E-06,-0.708523069,-0.093119917,1.527458239,-2.252579979
309.134,0.044933795,0.27781437,-0.025932154,-0.586825788,1.305957275,-2.039181081
309.184,0.257268971,0.672864551,-0.204978855,-1.004196917,1.225164354,-1.954025165
309.234,0.860788641,0.523031061,-0.783871033,-0.286983323,1.101296015,-1.830581339
309.284,1.575846529,0.000928395,-1.49399025,0.013353201,1.275776729,-2.008848199
309.334,2.196215382,-0.212618439,-2.117747107,0.330430155,1.189546025,-1.918652013
309.384,1.098511905,0.030156612,-1.04507407,-0.007239895,1.341828437,-2.072382149
309.434,0.367514942,0.432035092,-0.8345999,-0.355845168,1.273071484,-1.999244967
309.484,0.806878054,0.644048986,-0.839339001,-0.874716666,1.147445523,-1.87330634
309.534,1.446972537,0.656929682,-1.309534005,-1.114012148,1.005396477,-1.735158187
309.584,2.159685503,0.125026341,-1.935052845,-0.958270156,1.198896047,-1.935195537
309.634,2.81327302,0.009758565,-2.611863392,-0.624524592,1.135712713,-1.866596056
309.684,3.382046592,-0.108046273,-3.209136456,-0.030407676,1.329021752,-2.064225449
309.734,3.67518283,-0.130199992,-3.534339899,0.028451762,1.343162167,-2.072398481
309.784,0.922089158,0.063377823,-0.86744444,-0.16112249,1.527612808,-2.259729029
309.834,0.069175174,0.469885024,-0.057846948,-0.655348664,1.457155317,-2.185361577
309.884,0.54405346,0.009710201,-0.518513022,-0.127063978,1.578211097,-2.305831979
309.934,1.208815169,-0.169475905,-1.175762488,0.028285191,1.465935991,-2.19178459
309.984,1.475924037,0.004654575,-1.379946349,-0.079700601,1.347248711,-2.072732606
310.034,1.607143881,0.251448699,-1.712857579,-0.367049248,1.143403699,-1.877841534
310.084,1.905535392,0.590075845,-2.214423736,-0.562325315,1.121075389,-1.85156796
310.134,1.931524991,1.06968061,-2.637621743,-0.673857112,0.897576888,-1.647775667
310.184,0.302066691,1.790895936,-0.548729402,-1.37375809,1.008877584,-1.755558117
310.234,-0.008525036,2.480597325,-0.051354965,-2.08672963,1.020888739,-1.758493716
310.284,-0.090905504,3.07631358,-0.117733729,-2.609883127,1.151274067,-1.888154546
310.334,0.01612588,3.042819486,-0.639985427,-1.739148839,1.057267925,-1.789774975
310.384,0.39899964,1.05093629,-1.335872676,-0.525014985,1.26300144,-2.00090057
310.434,1.050023637,0.281582964,-2.053212927,-0.048303022,1.333271643,-2.064938521
310.484,1.771050891,-0.014280287,-2.718253072,0.130755727,1.26590172,-1.991766076
310.534,2.363951574,-0.333970971,-3.232833948,0.589853654,1.13637261,-1.864124497
310.584,1.028672067,0.006838521,-2.246169466,0.009734533,1.554062484,-2.308652245
310.634,0.133108284,0.356611118,-0.813936631,-0.207869115,1.714510193,-2.463416232
310.684,-0.004027305,0.995688522,-0.139079972,-0.786099526,1.71477495,-2.45403608
310.734,-0.06657023,1.715801668,-0.200837528,-1.433710523,1.554834316,-2.289459064
310.784,-0.225689168,2.404808599,-0.000155513,-2.136574179,1.376363443,-2.111558198
310.834,-0.017725682,2.71148459,-0.091556096,-2.395219861,1.04122304,-1.812834582
310.884,0.184108105,0.561979573,-0.590465368,-0.465936451,1.120959832,-1.879819692
310.934,0.749824024,0.006529744,-1.279636418,-0.000224976,1.133971609,-1.879433783
310.984,1.37885737,0.042761089,-1.987798501,0.019562443,1.465624386,-2.224462345
311.034,1.440694729,0.387984806,-2.398888244,-0.035185903,1.506568662,-2.251421627
311.084,1.925667968,0.572101779,-3.012129444,-0.004130133,1.643623089,-2.381627633
311.134,1.776471585,1.086630971,-3.280262967,-0.101617864,1.491593911,-2.237935501
311.184,2.459054061,0.288040441,-3.776379119,0.004797976,0.733617484,-1.739800156
311.234,2.835427636,0.430932751,-4.1326318,0.043177624,0.622663645,-1.559032692
311.284,2.29626421,0.917118827,-3.304604428,-0.075631475,1.039828748,-2.004229802
311.334,0.92832795,1.634804941,-2.473720943,-0.475244947,1.135424163,-2.050294397
311.384,0.047352705,2.336424645,-0.479053692,-1.144163584,0.5986343,-1.638314181
311.434,-0.099453874,2.852518032,-0.002937799,-1.765369318,0.447219896,-1.407765194
311.484,0.08246146,1.163177123,-0.330599928,-0.534746304,0.791539889,-1.770346929
311.534,0.568413834,0.195614465,-0.941107187,-0.006582996,1.039275462,-1.970261987
311.584,1.125386543,0.054446587,-1.114456137,-0.170757372,1.258412949,-2.136591742
311.634,1.48318326,0.237293335,-1.263099385,-0.513272131,1.14500147,-1.948910093
311.684,2.036194411,0.237403135,-1.732674265,-0.607267176,1.133923158,-1.885345245
311.734,2.213514501,0.535113528,-2.121237544,-0.796263051,1.012763851,-1.725519292
311.784,1.751114764,1.092306853,-2.192205985,-1.1328326,0.929047347,-1.624826922
311.834,0.735306626,1.813649072,-2.219431257,-1.433393513,0.498974409,-1.340775237
311.884,0.03536502,2.501430079,-0.524855333,-2.144737287,0.447776332,-1.234896334
311.934,-0.038292192,3.113496796,-0.193219906,-2.751269512,0.444979141,-1.196510639
311.984,-0.207295138,3.613715451,0.002305367,-3.306069416,0.985348422,-1.838774717
312.034,-0.00592234,3.378734943,-0.062411727,-3.122865355,1.274363766,-2.128818119
312.084,0.223570176,0.807794339,-0.529007041,-0.711495526,0.579139557,-1.577400118
312.134,0.739501064,0.046281061,-1.17197385,-0.028410798,0.489182995,-1.397786205
312.184,0.079923997,0.490433708,-0.971446806,-0.347041393,0.820174129,-1.742207586
312.234,-0.070045942,1.061388613,-0.262172684,-0.890435032,0.896035492,-1.748605908
312.284,0.106698344,0.073718982,-0.867755343,-0.040857622,1.124968044,-1.945717392
312.334,0.619619427,-0.074089334,-1.58318137,0.140883837,1.105506194,-1.871314389
312.384,1.304763018,-0.286260885,-2.288226548,0.67139851,1.045065869,-1.770435712
312.434,1.687894899,-0.016827112,-2.765297618,1.004101289,0.893400264,-1.598761807
312.484,0.229483358,0.18639987,-0.581125845,0.061320688,1.196439012,-1.910498387
312.534,-0.024309399,0.755171252,-0.004032478,-0.115539828,1.258973035,-1.95419957
312.584,-0.320001142,1.463007632,0.173568752,-0.635989331,1.172012653,-1.855116794
312.634,-0.582114336,2.171555657,0.322393157,-1.32589199,0.898732514,-1.604813049
312.684,-0.178866749,2.722050788,0.044922686,-1.864429359,0.955530099,-1.651020687
312.734,0.002316509,2.835055412,-0.110254373,-1.691017292,0.830984971,-1.524310267
312.784,0.032961105,3.350342672,-0.413151186,-1.927049303,0.300217564,-1.014252446
312.834,0.162299002,3.490772173,-1.025141086,-1.55630449,0.319196216,-1.02619252
312.884,0.716590119,0.850664635,-1.745823147,-0.19254806,0.71663105,-1.523064072
312.934,1.315078416,0.054505488,-2.29177746,0.020476263,0.929349461,-1.729753224
312.984,0.173831328,0.51063612,-0.417614095,-0.177513342,1.056550396,-1.836348865
313.034,-0.025641404,1.110282095,-0.000340386,-0.665406248,0.864929981,-1.630674136
313.084,0.166510676,0.323046953,-0.299356249,-0.026454136,0.829721161,-1.573390854
313.134,0.645412659,0.122687787,-0.835388914,0.106670008,0.701468449,-1.43846628
313.184,0.011820715,0.648919132,-0.060887584,-0.077510344,0.941154901,-1.690960895
313.234,-0.169130789,1.337465384,0.060688159,-0.559642739,0.873599547,-1.617098258
313.284,-0.000985578,1.827588598,-6.2266E-05,-1.161837002,0.369196502,-1.2681793
313.334,0.085370142,2.240745036,-0.133043109,-1.564522082,0.17614655,-1.102972815
313.384,-0.009539769,2.885113403,-0.00524589,-2.265734975,0.328994094,-1.272830177
313.434,-0.090355702,3.438992034,-0.092291013,-2.788175353,0.146284159,-1.086889072
313.484,-0.016188751,3.796353778,-0.000411143,-3.344243641,0.293342524,-1.236784207
313.534,0.040139712,3.812582123,-0.108978421,-3.409088146,0.448310982,-1.364419474
313.584,0.345962048,3.240262787,-0.548367613,-2.580679637,0.688975605,-1.596202091
313.634,0.740625404,2.994513627,-1.213388274,-1.321196342,0.657770297,-1.490053814
313.684,0.966272241,2.915151894,-1.452514288,-1.526564867,0.697429282,-1.483498732
313.734,0.309175165,3.292575452,-1.24260309,-1.931338748,0.447787275,-1.227278879
313.784,0.932782608,0.780465648,-1.962553594,-0.302009332,0.104496289,-0.564624162
313.834,1.530184902,0.071636369,-2.483355329,0.003231071,0.145054125,-0.644274938
313.884,0.18542973,0.549395015,-0.482358086,-0.238629379,0.348259825,-0.941382348
313.934,-0.038967684,1.23214978,-6.60433E-05,-0.833948748,0.30845161,-0.922450986
313.984,-0.471286572,1.95231422,0.277135882,-1.547469101,0.288891179,-0.91102721
314.034,-1.039348834,2.500129225,0.800711648,-2.12087084,0.06228176,-0.496340464
314.084,-0.068230324,0.777603893,0.026936787,-0.433637941,0.297089011,-0.896468533
314.134,0.079592401,0.169020636,-0.129591209,-0.001083049,0.524242195,-1.192804537
314.184,-0.088715115,0.727519536,0.035657994,-0.311806272,0.699037869,-1.400844991
314.234,-0.584815807,1.432910209,0.448683026,-0.936337652,0.673205725,-1.393631152
314.284,-1.273151889,2.146293888,1.095816565,-1.654745353,0.243108682,-1.08444785
314.334,-1.981794688,2.801363769,1.482971307,-2.354970394,0.104296188,-0.98533316
314.384,-2.363586493,3.371874083,1.050094233,-2.953966658,0.404914409,-1.443523115
314.434,-2.0379219,3.680586855,0.121834927,-2.653369152,0.556280505,-1.549042306
314.484,-0.33526098,1.100017329,-0.068082756,-0.57154545,0.140286828,-0.763312099
314.534,0.006695651,0.291330525,-0.541660654,-0.017470094,0.019674618,-0.568173545
314.584,0.350545095,0.001776466,-1.223113734,0.104230698,0.082493576,-0.709313498
314.634,0.799928624,0.142984702,-1.934679614,0.02386555,0.15570015,-0.822524828
314.684,1.155058346,0.444756152,-2.353972052,-0.033869216,0.190858722,-0.861001938
314.734,0.292271084,1.107016695,-1.859317392,-0.437899266,0.023486621,-0.428658134
314.784,-0.012483588,1.82839132,-0.28547395,-1.098575133,0.068168509,-0.562060891
314.834,-0.384129039,2.514904542,0.005608468,-1.819935923,0.00963789,-0.546433519
314.884,-1.028983602,3.125199649,0.224831495,-2.507178526,0.169899775,-0.929776454
314.934,-1.578982841,3.611459236,0.191106422,-2.992640499,0.265307814,-1.061366355
314.984,-0.291966367,3.261798882,-0.036982242,-1.149914618,0.077244483,-0.899919759
315.034,0.0030397,2.705442561,-0.465754521,-0.173340454,0.002321367,-0.612399212
315.084,0.324069212,1.084857067,-1.118443202,-0.041046105,0.082886736,-0.856173536
315.134,0.70481344,1.273504181,-1.55533049,-0.19731962,0.108062824,-0.86560683
315.184,1.399351457,0.250161194,-2.256999427,-6.34537E-05,0.001172199,-0.372685648
315.234,1.765110237,0.448801486,-2.620405874,-0.039346175,-0.047359835,-0.098163277
315.284,0.251932542,1.11198146,-0.529883225,-0.472309764,-0.000482016,-0.24044288
315.334,-0.02012525,1.833358285,-0.001166019,-1.140613965,0.024367979,-0.421022405
315.384,-0.413769851,2.519440246,0.256210426,-1.861919271,0.023762576,-0.511144693
315.434,-1.068596106,3.129136874,0.83616289,-2.545481639,1.20515E-06,-0.51654743
315.484,-1.772119146,3.649686612,0.875854448,-3.119002808,0.085285628,-0.842263151
315.534,-1.906934532,3.90639979,0.096766662,-2.769234369,0.197298308,-1.038555529
315.584,-0.294516748,1.199301074,-0.084391319,-0.582531686,0.047276763,-0.891760626
315.634,0.012076276,0.270589896,-0.576094829,-0.004093162,-0.00113055,-0.426055784
315.684,0.355414687,0.269696681,-1.263112861,0.176554072,0.049419003,-0.68752557
315.734,0.339981819,0.841673425,-1.896286318,0.282655234,0.070130055,-0.753076119
315.784,0.000111292,1.555655994,-0.825476457,-0.014093024,0.003147909,-0.640561414
315.834,-0.275152814,2.262415004,-0.137082796,-0.390900846,-0.024971177,-0.304565091
315.884,-0.88601949,2.904248999,0.059739887,-1.039764377,4.93903E-05,-0.450260084
315.934,-1.575111085,3.459552495,0.479083309,-1.759309026,0.052027136,-0.680489256
315.984,-1.564293389,3.923324163,0.137129639,-2.384367884,0.268344322,-1.082662158
316.034,-0.754901432,4.2555496,-0.014242632,-2.269649806,0.364101225,-1.199542873
316.084,-1.461232854,4.576830829,0.152102454,-2.910631272,0.444959323,-1.298408292
316.134,-2.084226557,4.835142577,0.411179923,-3.414258973,0.176134158,-1.11226388
316.184,-1.596273726,5.033516011,0.000931278,-2.709205518,0.309044474,-1.260418126
316.234,-0.991653089,4.877106683,-0.259080502,-1.03752433,0.378151453,-1.296143216
316.284,-0.06531893,2.253508693,-0.858283964,-0.185021155,0.37325234,-1.253533415
316.334,0.003845469,2.406150302,-1.430708189,-0.178913695,0.121142077,-0.99262664
316.384,0.337631799,0.740518415,-2.144194738,0.037165319,0.268128353,-1.178935921
316.434,0.492511589,1.133436897,-2.641401073,0.16866384,0.210279627,-1.053704104
316.484,0.000190161,1.854773452,-0.537246751,-0.045336062,0.020978186,-0.475153976
316.534,-0.267524837,2.538972518,-0.003232203,-0.486937986,-0.013163043,-0.161590232
316.584,-0.687573838,3.146079737,0.003030998,-1.112317499,-0.080193013,-0.074946672
316.634,-1.168900326,3.663931701,-0.027331551,-1.558772229,-0.191970987,-0.009852169
316.684,-1.781199143,4.094551165,0.096896345,-2.265341238,-0.047337705,-0.099945665
316.734,-2.174563457,4.446485902,0.255843465,-2.906830797,-0.087199759,-0.161768218
316.784,-2.820273726,4.730621928,0.581131081,-3.448230359,-0.002682444,-0.347841477
316.834,-3.074600633,4.746849406,0.210880129,-3.436685174,0.002633382,-0.478342341
316.884,-0.693597868,1.354960948,-0.030669675,-0.829917542,0.001523419,-0.546200842
316.934,-0.026820462,0.177839692,-0.389636273,-0.050467907,-0.043867316,-0.217788344
316.984,-0.436009159,0.74165591,-0.000279294,-0.500873456,-0.163524147,-0.066512003
317.034,-1.089423613,1.448327946,0.263298879,-1.174930612,-0.381828513,7.38652E-05
317.084,-1.629203101,2.160975014,0.615873292,-1.895966668,-0.521534801,0.010522149
317.134,-2.187141057,2.663322064,0.898408843,-2.42903545,-0.66590164,0.042354838
317.184,-0.383162652,0.63164375,0.042195669,-0.507082624,-0.53374563,-0.001193461
317.234,7.59928E-06,0.095249713,-0.105532319,-0.015955082,-0.597338145,-0.009669145
317.284,-0.281556678,0.597720484,0.078269499,-0.398336494,-0.679129463,-0.000965788
317.334,-0.874919879,1.287942419,0.525873379,-1.049185638,-0.685445849,-0.007864306
317.384,-1.055351156,2.00677818,0.274102566,-1.763583072,-0.137973855,-0.172946716
317.434,-1.267265867,2.66586476,0.036214879,-2.200978706,-0.009670489,-0.37777376
317.484,-0.349743209,3.000423637,-0.147885352,-1.004834836,-0.037750295,-0.435095706
317.534,-0.089120199,3.33082688,-0.615173513,-0.28709468,-0.073512888,-0.474917111
317.584,-0.585625159,3.818587137,-0.006095042,-0.902608277,-0.027601816,-0.56567381
317.634,-1.274081762,4.221531833,0.222750478,-1.619691918,-0.113039698,-0.395185063
317.684,-1.993290003,4.549342158,0.810598363,-2.322342397,-0.142754292,-0.448422948
317.734,-2.510834591,4.688561145,1.406631466,-2.81724543,-0.205670159,-0.419379164
317.784,-0.503326118,2.55381681,0.152805408,-0.854904129,-0.010701631,-0.695840192
317.834,-0.021795547,2.168810105,-0.048370693,-0.124981373,-0.000173396,-0.744529749
317.884,-0.185222242,2.821380868,-0.241900044,-0.447741636,-0.046975313,-0.392514318
317.934,-0.729589851,3.388968492,-0.037311206,-1.07422638,-0.017917204,-0.49236379
317.984,-0.807582767,3.867012871,-0.407336707,-0.923121446,0.007415523,-0.696678615
318.034,-1.187374186,4.261153373,-0.83184288,-0.773444405,-0.002320416,-0.67203963
318.084,-1.908264766,4.581356426,-0.095125216,-1.482763473,0.002261649,-0.742744714
318.134,-2.548880503,4.838764995,0.016043733,-2.170964161,-0.019145278,-0.566664681
318.184,-2.268834189,5.039050176,-0.061862472,-2.243075946,0.00524572,-0.74620135
318.234,-1.893124697,5.007835407,-0.405659008,-1.540450171,-0.00018487,-0.743544895
318.284,-0.376760418,3.461017889,-1.058418957,-0.256818216,-0.03516621,-0.587093067
318.334,-0.093262462,3.29594567,-1.77953553,-0.001644983,-0.128253325,-0.253981909
318.384,0.071724363,1.185172946,-2.431618092,0.072583138,-0.018985126,-0.410087739
318.434,0.01386345,1.643509872,-2.067266923,-0.018081968,0.001899961,-0.567693248
318.484,-0.194540619,2.344525551,-0.344561013,-0.406394488,0.019014268,-0.672326756
318.534,-0.767848823,2.976500088,0.005717672,-1.059343961,-0.001155155,-0.609057978
318.584,-1.476724852,3.520857925,0.350055988,-1.780469551,-0.063349869,-0.266937481
318.634,-2.187941484,3.976450319,0.987136947,-2.471036013,-0.171714258,-0.110945642
318.684,-2.838362922,4.350460353,1.707051326,-3.087063837,-0.333674515,-0.013504694
318.734,-3.395977977,4.653381604,2.378920101,-3.614266052,-0.513197671,0.007071374
318.784,-3.671084559,4.896358108,2.340626939,-4.017697484,-0.105413952,-0.063641041
318.834,-3.198192798,4.875898378,0.840989669,-3.444853293,-0.028460679,-0.174041402
318.884,-0.739602914,1.408821706,0.032919391,-0.833044678,-0.161207024,-0.028421372
318.934,-0.0334055,0.193206668,-0.133385201,-0.050016122,-0.323828196,-3.68808E-06
318.984,-0.395879344,0.765782715,-0.044987785,-0.431900495,-0.258106817,-0.041252619
319.034,-1.046077443,1.474492722,0.131482599,-1.091162423,-0.442724958,-0.000261966
319.084,-1.767058028,2.185825205,0.50164043,-1.812500482,-0.514315038,-0.014596366
319.134,-2.450936244,2.836485556,1.100598055,-2.500379491,-0.611646688,-0.017839438
319.184,-2.873564286,3.401856127,1.353106244,-3.104141115,-0.856834047,0.01432504
319.234,-3.118663681,3.877731569,1.178058185,-3.437566772,-1.052306766,0.095096204
319.284,-3.640875667,4.269914633,1.505764088,-3.90210912,-0.552498722,0.000452856
319.334,-3.884333725,4.401976809,1.334078521,-3.979295598,-0.591024241,-0.00303816
319.384,-1.009112648,1.442129898,0.134517958,-1.04899711,-0.297582701,-0.068047948
319.434,-0.090265535,0.550356513,-0.061072101,-0.11370904,-0.333852704,-0.122148186
319.484,0.072579663,0.059430426,-0.524184575,0.065639728,-0.382474159,-0.161818734
319.534,0.005039769,0.438544647,-1.045953478,0.150765007,-0.326741004,-0.253531084
319.584,-0.227985188,1.099371089,-0.069552485,-0.053070163,-0.094643553,-0.41950058
319.634,-0.818348647,1.82073373,0.101521469,-0.507197635,-0.170330256,-0.391752377
319.684,-1.530885751,2.507907769,0.345400969,-1.182462478,-0.193852747,-0.434813013
319.734,-2.239117853,3.119123989,0.693370073,-1.903413468,-0.062760076,-0.541200667
319.784,-2.883675357,3.641263005,1.395385761,-2.583197017,-0.179751611,-0.234681946
319.834,-3.442055977,4.075880501,2.110441154,-3.184369409,-0.323718746,-0.071684756
319.884,-3.911130802,4.431328779,2.769421143,-3.696085413,-0.346963953,-0.132374274
319.934,-4.122917592,4.681503528,3.171543516,-3.955314948,-0.382041073,-0.178801218
319.984,-1.383713084,4.122087843,0.729635196,-1.355865758,-0.310719332,-0.279331768
320.034,-0.423524044,3.885309194,0.018315677,-0.288540347,-0.333588515,-0.322081983
320.084,-0.142486792,4.16785335,-0.109911322,-0.458870376,-0.295350118,-0.399750246
320.134,-0.68350444,4.505909862,-0.0006334,-1.099250357,-0.241592117,-0.475772161
320.184,-1.384468413,4.778318307,-0.006864362,-1.735280229,-0.044205715,-0.659314979
320.234,-2.087100717,4.996007702,0.075028274,-2.426057383,-0.076518647,-0.647050156
320.284,-2.437062705,5.168903028,0.097638676,-2.952194843,-0.143456317,-0.562796195
320.334,-2.888710587,5.305591169,0.157583117,-3.169833581,-0.228356454,-0.416518785
320.384,-3.446339756,5.413279581,0.708836984,-3.683885323,-0.080844434,-0.526472459
320.434,-3.737738243,5.367716397,1.300801652,-3.937610551,-0.101665661,-0.534788285
320.484,-1.09631573,3.01285498,0.127858186,-1.261293893,-0.250007619,-0.177116466
320.534,-0.474813573,2.90635042,-0.026201982,-0.369104713,-0.480729194,-0.010332988
320.584,-1.143642252,3.461338613,0.165405997,-1.011872206,-0.632771299,0.004485708
320.634,-1.74038691,3.798124226,0.642522066,-1.624220935,-0.632401493,-0.002209172
320.684,-0.299168898,1.812012181,0.009456412,-0.370548109,-0.782502784,0.017407807
320.734,-0.126885351,2.01486919,-0.082467533,-0.126240221,-0.880168104,0.06663405
320.784,-0.656395593,2.683841092,0.095553057,-0.655251886,-0.387232386,-0.000850229
320.834,-1.354283274,3.271146855,0.598311966,-1.353003599,-0.372178507,-0.031861821
320.884,-2.070966094,3.768760043,1.288618527,-2.069733569,-0.363121891,-0.083914304
320.934,-2.734150542,4.180695641,2.003216576,-2.733047562,-0.054764221,-0.289201029
320.984,-3.314343816,4.51630715,2.547265393,-3.313398027,-0.005713578,-0.427968974
321.034,-3.620148025,4.605472372,2.467039405,-3.619378198,-0.038460688,-0.441911693
321.084,-0.906965912,1.643472491,0.476764967,-0.900366101,-0.125906644,-0.333813091
321.134,-0.08645034,0.629742948,7.09504E-05,-0.056420571,-0.214446946,-0.299942527
321.184,-0.003277289,1.126521684,-0.169897216,-0.13315227,-0.283412018,-0.303898077
321.234,-0.333333638,1.847879971,0.004047214,-0.6674085,-0.29423387,-0.34883525
321.284,-0.965123704,2.532689278,0.339086775,-1.366579517,-0.053989327,-0.554275124
321.334,-1.684454768,3.140631616,0.972730019,-2.082798338,-0.008094562,-0.633620257
321.384,-2.382530213,3.659352241,1.692274446,-2.744733787,-0.131696078,-0.177016283
321.434,-2.994789211,4.090780605,2.27246334,-3.297712544,-0.219357207,-0.147251554
321.484,-3.171742968,4.443425611,0.720139853,-3.134041913,-0.021435442,-0.36532953
321.534,-2.990769716,4.716553352,0.061609212,-1.771204627,-8.70364E-05,-0.48524374
321.584,-1.536429518,4.697403827,-0.047456478,-1.671886352,-0.109925506,-0.090490179
321.634,-1.744961123,4.924647802,-0.145431839,-1.821464306,-0.277815169,-0.006738017
321.684,-2.262079341,5.112326782,-0.232932313,-2.193730161,-0.358961606,-0.031769759
321.734,-2.903952812,5.260922347,-0.006725691,-2.6446819,-0.384447265,-0.089121812
321.784,-3.459300735,5.378123183,0.219863791,-3.237441294,-0.396816538,-0.159394561
321.834,-3.737812083,5.248384249,0.722520827,-3.55746061,-0.398793758,-0.231342688
321.884,-0.94867003,1.584477932,0.016698883,-0.877163832,-0.415991277,-0.282455154
321.934,-0.087928778,0.424340696,-0.152340436,-0.064276284,-0.498563013,-0.239024327
321.984,-0.583241032,1.081783214,0.009804749,-0.533211907,-0.801284904,-0.01227163
322.034,-1.271341742,1.803078165,0.371956143,-1.21320747,-1.018497495,0.020285273
322.084,-1.99062035,2.491756884,1.015545321,-1.933717201,-1.062722603,0.056202457
322.134,-2.662023862,3.105089558,1.73606144,-2.610654825,-1.002939679,0.027867636
322.184,-3.252377101,3.629449804,2.430205072,-3.208093104,-0.820217101,-0.000535206
322.234,-3.753063442,4.066144699,3.051476358,-3.715980444,-0.738663823,-0.016636297
322.284,-4.16781685,4.423421626,3.577607262,-4.137362885,-0.92797174,0.014406149
322.334,-4.30469232,4.506296449,3.688796861,-4.280578112,-0.93219663,0.037399765
322.384,-1.173041787,1.262472423,0.927402683,-1.163244971,-0.890979502,0.037499043
322.434,-0.128534536,0.208410802,0.064709688,-0.126118104,-0.71463795,2.89036E-05
322.484,-0.654367435,0.789084764,0.251964429,-0.655035177,-0.37581418,-0.03527027
322.534,-1.35201365,1.499591858,0.853209398,-1.352761069,-0.107946071,-0.150583078
322.584,-2.068779947,2.209588719,1.567852454,-2.069499951,-0.167196551,-0.175667281
322.634,-2.732194098,2.857549907,2.273861936,-2.732838486,-0.21300821,-0.204496263
322.684,-3.312666155,3.419812146,2.914345594,-3.313218741,-0.403055493,-0.02865846
322.734,-3.803437693,3.892656511,3.468132478,-3.80389882,-0.468039706,-0.039291343
322.784,-4.209123351,4.282108803,3.92998716,-4.209501141,-0.565852922,-0.005922867
322.834,-4.337366993,4.458759905,4.055625129,-4.337665663,-0.746449014,0.016283172
322.884,-1.200923171,2.162434628,1.072526074,-1.197341303,-1.150281736,0.19607335
322.934,-0.251269206,2.100003272,0.075173752,-0.20868962,-1.265886316,0.31605933
322.984,-0.533670684,2.760105369,-0.072686534,-0.293521343,-0.450546384,0.023573952
323.034,-1.213746361,3.336583663,0.032515216,-0.911455338,-0.164788112,-0.009674572
323.084,-1.934247032,3.823387018,0.453197189,-1.628912289,-0.363176122,0.016143624
323.134,-2.596569297,4.225461947,1.063898252,-2.330936612,-0.4863061,0.038822253
323.184,-2.846517086,4.552519366,0.601612332,-2.958409854,-0.548688634,0.00891374
323.234,-3.049015806,4.815675544,0.604435134,-3.364674293,-0.557137385,-0.001941131
323.284,-3.582175811,5.025743086,1.2956086,-3.846792247,-0.586125589,-0.014670812
323.334,-4.027141914,5.192450081,2.001932498,-4.244616872,-0.413541499,-0.086930406
323.384,-4.391720496,5.324165641,2.361740192,-4.567999439,-0.32518898,-0.17930817
323.434,-4.481367145,5.228016566,2.429287075,-4.619734953,-0.129823061,-0.289952226
323.484,-1.253172568,1.866999332,0.463878304,-1.316134455,-0.380498531,-0.024376601
323.534,-0.213895968,1.010491952,0.002078904,-0.289001394,-0.554901699,0.001592728
323.584,-0.797364622,1.730913194,0.322937013,-0.905238822,-0.638797118,0.015139257
323.634,-1.508471197,2.425460089,0.951287009,-1.622435427,-0.216446391,-0.02863835
323.684,-2.217978419,3.047334842,1.670197377,-2.324900486,-0.203666365,-0.104917764
323.734,-2.853218014,3.580756768,2.250923766,-2.94060547,-0.195462738,-0.198276485
323.784,-3.133676857,4.025970101,0.701853852,-3.047711656,-0.21950649,-0.269316361
323.834,-3.318568838,4.390767455,0.166696872,-3.029178617,-0.070576623,-0.413752821
323.884,-3.808362876,4.685828811,0.654939149,-3.565422541,-0.107445004,-0.457248119
323.934,-4.030352457,4.86017571,1.243460769,-3.868849757,-0.020309903,-0.573860909
323.984,-1.218315776,3.775763461,0.116761462,-1.630527379,-0.18848086,-0.127027422
324.034,-0.37867906,3.478436268,-0.010461943,-1.448724573,-0.277391638,-0.143056589
324.084,-1.024176268,3.94131135,0.043892889,-2.161352316,-0.256033329,-0.237453807
324.134,-1.732100897,4.321819806,0.43855005,-2.801709214,-0.085120933,-0.370136802
324.184,-2.111216703,4.630303428,0.102511161,-3.06870084,-0.255108164,-0.094846539
324.234,-2.619920521,4.877916021,0.258451558,-3.444258694,-0.343168673,-0.114280953
324.284,-3.216090318,5.075224187,0.862472198,-3.912959358,-0.609675493,-0.000784605
324.334,-3.711351307,5.231597486,1.548540127,-4.298687244,-0.67172491,-0.00011196
324.384,-3.86068773,5.355024555,1.54482266,-4.600439099,-0.446671716,-0.050377328
324.434,-3.757901366,5.45214644,1.513399083,-4.607068431,-0.156503274,-0.171825999
324.484,-4.171787031,5.528389621,1.406790546,-4.732098939,-0.339873956,-0.025928165
324.534,-4.307834487,5.391076774,1.488083712,-4.671753875,-0.399024636,-0.060085045
324.584,-1.196995922,2.061246034,0.174114209,-1.341170086,-0.586185864,-0.00113129
324.634,-0.346100853,1.920055253,-0.026517308,-0.33302835,-0.568602418,-0.027500351
324.684,-0.981956482,2.598284788,0.117484413,-0.96471909,-0.178002562,-0.162149386
324.734,-1.701742939,3.19740995,0.639532566,-1.684038451,-0.040195881,-0.305990734
324.784,-2.398528819,3.707023926,1.335363082,-2.382144602,-0.28722845,-0.01483553
324.834,-3.02380516,4.130001505,2.052720887,-3.009470596,-0.499385795,0.008315165
324.884,-3.560881791,4.475241046,2.717812149,-3.548763026,-0.695146501,0.057664175
324.934,-4.009551305,4.753711778,3.300328152,-3.999533967,-0.677349429,0.00260377
324.984,-4.377410254,4.976406426,3.793139021,-4.369257421,-0.695085915,-0.003436551
325.034,-4.470107041,4.969260683,4.006508488,-4.463690046,-0.836001406,0.010912635
325.084,-1.250581381,1.915736975,1.052885736,-1.249803642,-1.289567047,0.19990567
325.134,-0.231365752,1.615922796,0.098780591,-0.248453595,-1.567506119,0.414506566
325.184,-0.823325895,2.318826778,0.604565817,-0.848167749,-1.31498527,0.161513417
325.234,-1.536184023,2.953929981,1.295757604,-1.562526499,-0.897578693,0.020235346
325.284,-2.24410663,3.501730087,2.014371296,-2.268865229,-1.045944142,0.100133471
325.334,-2.88808374,3.960613288,2.683393557,-2.909939302,-0.924564187,0.026591342
325.384,-3.445806518,4.337556166,3.270762059,-3.464388581,-1.213306689,0.182958231
325.434,-3.914244171,4.642985913,3.768438374,-3.92966265,-1.325490826,0.319343923
325.484,-4.299735994,4.888052136,4.180431788,-4.312318153,-1.322598684,0.379264463
325.534,-4.408914376,4.885088568,4.314675101,-4.418835325,-1.066764625,0.145357989
325.584,-1.21553773,1.639462725,1.177101425,-1.219595766,-1.21795343,0.293330314
325.634,-0.139729116,0.749754972,0.129685763,-0.140801797,-1.187704756,0.333861126
325.684,-0.678785784,1.457131762,0.661338288,-0.680624788,-1.361187108,0.516975354
325.734,-1.379234145,2.169345491,1.359807725,-1.381275076,-1.292032116,0.510908789
325.784,-2.094954943,2.821856428,2.076284526,-2.096913626,-1.400182617,0.635114855
325.834,-2.755597092,3.389374401,2.738908766,-2.757346448,-1.154933422,0.328151841
325.884,-3.332722866,3.867350552,3.318423285,-3.334221089,-0.621296706,0.072134034
325.934,-3.812418068,4.261429434,3.662869122,-3.817605886,-0.214539444,-0.000460435
325.984,-4.018894085,4.581579354,1.407968358,-4.128551946,-0.17115151,-0.034493583
326.034,-3.786955888,4.838943421,0.356653992,-4.236206629,-0.032621956,-0.142025649
326.084,-3.4764007,5.044249842,-0.003854143,-3.083103522,-0.1028098,-0.119417469
326.134,-3.529114573,5.207097104,-0.171982326,-3.144637299,-0.098823457,-0.204878927
326.184,-3.983282915,5.335714651,0.044012478,-3.662719356,-0.141831359,-0.246945513
326.234,-4.34777005,5.436968983,0.462542745,-4.093553026,-0.027664771,-0.380852726
326.284,-4.462450401,5.516485166,0.508170042,-4.445675819,-0.155101326,-0.10168383
326.334,-4.532874912,5.578812274,0.738703551,-4.706149911,-0.159850441,-0.185436185
326.384,-4.607760272,5.627595191,0.106064247,-4.432199768,-0.04291289,-0.326079201
326.434,-4.713955625,5.66573446,0.008290828,-4.641794807,-0.000697684,-0.467331569
326.484,-4.354045298,5.695526569,-0.064925467,-4.367088784,-0.151790814,-0.053625532
326.534,-4.353799605,5.7187828,-0.004840735,-4.634995835,-0.495276611,0.024844215
326.584,-4.253968287,5.736927591,-0.149705964,-4.214965305,-0.851928181,0.178696542
326.634,-4.362200542,5.723637709,-0.02238112,-4.359078738,-0.586888967,0.014292176
326.684,-1.906387281,5.172742126,-0.413327493,-1.484948818,-0.418954068,-0.013360909
326.734,-2.074684518,5.308620207,-0.722935859,-1.633932755,-0.373281804,-0.067036888
326.784,-2.737477499,5.41566234,-0.016748051,-2.335612566,-0.742245758,0.013868498
326.834,-3.196454856,5.479925999,0.150652922,-2.917977426,-0.963489443,0.100604327
326.884,-1.445754626,5.134704506,-0.015375433,-2.39429121,-1.173850809,0.235613313
326.934,-1.448726075,5.278597117,-0.027388972,-2.869503508,-1.21360919,0.28419136
326.984,-2.161353744,5.392038109,0.163117057,-3.429993341,-1.246261566,0.324239011
327.034,-2.78581712,5.481221426,0.666964443,-3.883273256,-1.06842701,0.12377495
327.084,-2.690102601,5.551184148,0.254263591,-3.884146512,-0.434938412,0.00087737
327.134,-2.618180531,5.605978492,0.373522949,-4.218151607,-0.2319248,-0.028859828
327.184,-3.000090292,5.648838768,0.609831333,-4.546609199,-0.308351285,-0.046864729
327.234,-3.329605728,5.682331442,1.031703675,-4.810941165,-0.372868502,-0.066312606
327.284,-3.817568821,5.708484135,1.752488613,-5.021976167,-0.549873092,-0.000575818
327.334,-4.220697959,5.728893464,2.428856946,-5.189468011,-0.25096017,-0.04934251
327.384,-4.548667986,5.744813492,2.654504035,-5.321813854,-0.537248315,0.009933939
327.434,-4.812590454,5.757227323,2.731214099,-5.368651118,-0.795758591,0.102931345
327.484,-5.023288478,5.766904504,0.987095971,-4.292759579,-0.861584473,0.122392163
327.534,-4.974406518,5.575966522,0.60484247,-4.126675443,-0.825687656,0.035171967
327.584,-1.498714266,2.205020788,0.005317316,-1.127322651,-0.862372075,0.051010657
327.634,-0.797700635,2.684201392,-0.183994234,-0.367634958,-0.808741872,0.006879005
327.684,-1.508831114,3.271456638,0.032253082,-1.009975987,-1.009448883,0.086326849
327.734,-2.218318302,3.769019002,0.452433804,-1.730387249,-1.08038673,0.155874927
327.784,-2.865278957,4.180908053,1.116429713,-2.424975205,-1.164494379,0.245121647
327.834,-3.426395879,4.516479089,1.80434221,-3.044432844,-1.29785622,0.379832568
327.884,-3.898126219,4.786793584,1.691017727,-3.521492934,-1.589281972,0.644716657
327.934,-4.286576225,5.00275622,1.491340079,-3.976975882,-1.932209344,0.97952696
327.984,-4.601878599,5.174248524,2.20178399,-4.350888475,-1.913616421,1.020624252
328.034,-4.8551861,5.30980868,2.840566183,-4.653726437,-1.70907341,0.868222918
328.084,-5.057162651,5.416597197,3.156559991,-4.896633585,-1.667337095,0.869868353
328.134,-5.216352417,5.500500604,3.194938716,-5.09008997,-1.508543628,0.737294232
328.184,-5.314009074,5.566291308,2.461858487,-5.243349972,-1.896170084,1.102928233
328.234,-5.024615185,5.392887955,1.96406908,-5.144557288,-2.319970244,1.519631155
328.284,-1.471288444,1.647042794,0.312130322,-1.521966398,-2.281202759,1.517673722
328.334,-0.21143819,0.455851625,-0.004314567,-0.2265337,-2.075401726,1.338876782
328.384,-0.793662556,1.12060707,0.020411581,-0.816204947,-2.08840163,1.373013976
328.434,-1.504503581,1.841977365,0.414778016,-1.52860165,-2.115725336,1.413813466
328.484,-2.214230687,2.527306078,1.069857495,-2.236966228,-1.785552742,1.049089792
328.534,-2.861660438,3.135962293,1.791074182,-2.881773577,-1.608389388,0.880793942
328.584,-3.423313883,3.655426525,2.480760699,-3.440437737,-1.760221988,1.038208118
328.634,-3.895565901,4.087547819,3.095526478,-3.90978734,-1.821422891,1.098666595
328.684,-4.284485168,4.440801508,3.621395998,-4.296097839,-1.485842011,0.568981792
328.734,-4.600191199,4.726055303,3.987806551,-4.609560866,-1.44184402,0.585491063
328.784,-4.853836238,4.954361129,2.799377724,-4.861330894,-1.650554254,0.805760311
328.834,-4.986878253,5.135896015,1.072913524,-4.898872267,-1.916961065,1.083201543
328.884,-3.755565232,5.279537965,0.075515224,-2.172533377,-1.765218683,0.980027831
328.934,-3.654894177,5.392778666,-0.070933995,-2.387766247,-1.569145309,0.813552059
328.984,-4.087109401,5.481802918,0.000625656,-3.014390677,-1.700312384,0.961870479
329.034,-4.440445617,5.551639893,0.253754204,-3.552923491,-1.773161046,1.054506566
329.082,-4.72576937,5.606335172,0.855771755,-4.002973509,-1.549246926,0.828405038
329.134,-4.954133128,5.64911761,1.453166669,-4.281582571,-1.489981832,0.790143458
329.184,-5.135715223,5.682549246,0.170587456,-2.807139511,-1.613857659,0.918646716
329.234,-5.119163162,5.703308874,-0.021595649,-2.709489446,-1.833602787,1.135217858
329.284,-2.376511301,5.611748283,-0.4165174,-0.872928613,-1.853310517,1.164538309
329.334,-2.488571298,5.653349171,-0.979069123,-1.246880987,-1.839445574,1.159057184
329.384,-3.00231286,5.685854389,-1.250400858,-1.642501541,-2.019247576,1.334937655
329.434,-3.542708661,5.71123402,-0.335605039,-2.34358757,-2.033240699,1.337522291
329.484,-3.99452774,5.731038844,0.006657847,-2.975676975,-1.504804624,0.596998987
329.534,-4.365182016,5.746486601,0.316310212,-3.51143201,-1.766750211,0.864096755
329.584,-4.665236818,5.758531727,0.046589481,-3.774199538,-1.930791083,1.060899035
329.634,-4.905827487,5.767921216,-0.002251775,-4.18515702,-1.988412145,1.163659486
329.684,-5.097389453,5.775239055,0.245827274,-4.519918204,-1.80442745,1.020306404
329.734,-5.209581175,5.780941408,0.759839275,-4.666239762,-1.937008934,1.177786461
329.784,-4.503638451,5.785384353,0.027225326,-2.576957753,-1.992233831,1.258662394
329.834,-4.212979335,5.77435859,-0.105924031,-2.511296383,-2.112009648,1.396679516
329.884,-1.924409258,5.476810035,-0.601478122,-1.130400431,-2.134640419,1.436054491
329.934,-2.244082168,5.54772654,-0.798581501,-1.787019503,-2.344534504,1.651388499
329.984,-2.888062128,5.603272351,-0.709084082,-2.281218014,-2.460011841,1.773931675
330.034,-3.445788133,5.646723126,-0.077608176,-2.920829724,-2.524998865,1.846407157
330.084,-3.914228911,5.680678866,0.099733321,-3.473640382,-2.563123814,1.887210617
330.134,-4.285497021,5.707194128,0.540484457,-3.871527714,-2.808394981,2.128731176
330.184,-4.283979108,5.727886999,0.01892296,-2.896923985,-2.709410341,2.028902548
330.234,-4.390249934,5.74402856,-0.079121533,-2.738918702,-2.642891741,1.962408925
330.284,-4.68541244,5.756615353,0.098408118,-3.318431803,-2.511134815,1.824490182
330.334,-4.921936165,5.766427498,0.60384771,-3.808248547,-2.762880714,2.06945272
330.384,-5.110175022,5.774074992,1.294938732,-4.213064479,-2.731249897,2.036462171
330.434,-5.259222333,5.780034377,1.923696832,-4.519953938,-2.752986621,2.046520278
330.484,-5.37678452,5.784677679,0.809373379,-4.301030785,-2.207191983,1.313029672
330.534,-5.469242149,5.788295178,0.264149402,-4.410643126,-2.221427611,1.370279032
330.584,-5.541794164,5.791113272,0.401144973,-4.616267562,-2.022825297,1.207772726
330.634,-5.598628861,5.793308481,0.637683539,-4.831628742,-1.986073563,1.204204136
330.684,-5.643092609,5.7950184,0.114399856,-4.304506984,-1.755548276,0.985662638
330.734,-5.677842826,5.796350261,0.017363355,-4.502154495,-1.752785811,1.007924506
330.784,-5.704980208,5.797387621,-0.024806151,-4.052060536,-1.957721663,1.21725483
330.834,-5.648679347,5.784130424,-0.000124105,-4.224851516,-2.127097162,1.396580916
330.884,-4.15324869,5.493189884,-0.289893097,-1.351071728,-2.095160937,1.380441297
330.934,-4.413083495,5.560563335,-0.743455076,-1.23224067,-2.020575068,1.317743501
330.984,-4.703777429,5.613318275,-0.379503237,-1.704513351,-2.166256476,1.465344951
331.034,-4.936591951,5.654576386,-0.004911678,-2.30793779,-2.480720916,1.763815369
331.084,-5.121803137,5.686812877,-0.220321866,-1.132802774,-2.026172285,1.206088437
331.134,-5.268408223,5.711982149,-0.365348662,-1.465475302,-2.084527028,1.293139515
331.184,-5.384017289,5.731622492,0.00384736,-2.177269909,-2.152537399,1.383775089
331.234,-5.45250709,5.746941756,0.284240554,-2.697461987,-2.204711059,1.452479757
331.284,-5.060312758,5.758886572,-0.013283109,-0.901911049,-1.860803652,1.074305673
331.334,-5.219804885,5.768197794,-0.310119377,-0.614152456,-1.913805639,1.150526662
331.384,-5.345731555,5.77545459,-0.32931457,-1.084968934,-1.844671178,1.100091311
331.434,-5.437477447,5.781109349,-0.03404237,-1.797859464,-2.32994868,1.561071322
331.484,-5.360547634,5.785515196,-0.091909381,-2.281386595,-2.863350694,2.081821615
331.534,-5.455041127,5.788947636,-0.041867023,-2.920131799,-3.019519594,2.235021073
331.584,-5.499808857,5.791621527,0.000269471,-3.453477512,-2.305157526,1.192103083
331.634,-5.565749359,5.793704384,0.042457016,-3.920610536,-2.440842323,1.408493862
331.684,-5.617376056,5.795326774,0.480579941,-4.304931999,-2.540598824,1.58612453
331.734,-5.657748053,5.796590449,1.127433214,-4.611559538,-2.953668755,2.035921896
331.784,-5.689289927,5.797574696,1.247439929,-4.749422815,-3.007977982,2.159528065
331.834,-5.502267763,5.63319449,1.192650659,-4.710609534,-3.049395327,2.258562876
331.884,-1.968977869,2.715588847,0.100965675,-1.340528334,-3.284025373,2.528676648
331.934,-2.14259671,3.29841997,-0.070532343,-0.172532699,-3.393254184,2.670030891
331.984,-2.798073764,3.79154577,-0.074504347,-0.491634088,-2.872894692,2.157279321
332.034,-3.369062759,4.199378517,0.102520742,-1.16388466,-2.842955975,2.152706633
332.084,-3.850446331,4.531425911,0.611726062,-1.885028732,-2.848183591,2.174165922
332.134,-4.247606025,4.798775058,1.303910194,-2.566503604,-2.843954345,2.174351995
332.184,-4.570414339,5.012294154,2.022283076,-3.169927833,-2.31111966,1.553111482
332.234,-4.830005892,5.181802076,2.690502984,-3.683964454,-2.667451527,1.913412231
332.282,-5.03714238,5.315767452,3.276873711,-4.111038126,-2.98872768,2.244200683
332.334,-5.201472705,5.421284026,3.606618057,-4.397933507,-3.301224992,2.567218349
332.384,-5.331280321,5.504178691,1.093238385,-3.388745915,-3.302847965,2.587093577
332.434,-5.433482744,5.569172776,0.173638524,-2.873968167,-3.434652619,2.730302866
332.484,-5.513750198,5.62005446,0.640291918,-3.433794441,-3.406542844,2.711844613
332.534,-5.57667022,5.659841423,1.312133471,-3.904271188,-3.400915764,2.685266112
332.584,-5.625919644,5.690924749,1.427031888,-4.291594211,-2.482987612,1.365886033
332.634,-5.585853866,5.705536133,1.545029756,-4.4035908,-2.596876174,1.563816185
332.684,-4.08637217,5.523153218,0.189466323,-1.247987113,-2.464510753,1.52803463
332.734,-4.338710721,5.577117474,-0.037547492,-0.309116216,-2.385579815,1.525169286
332.784,-3.111136944,5.4797874,-0.456521538,-0.002749656,-2.156744191,1.356635643
332.834,-3.634540982,5.550060206,-0.722195273,-0.155976207,-2.391308875,1.617636781
332.884,-4.070341086,5.605098845,-0.100810145,-0.69496244,-2.885837092,2.115409061
332.934,-4.42683011,5.648151079,0.081505696,-1.397144582,-3.182583729,2.434331318
332.984,-4.714828173,5.68179428,0.570187278,-2.112125523,-2.91550821,2.197439589
333.034,-4.945407452,5.708064829,1.256292017,-2.770923745,-2.81587352,2.098972133
333.084,-5.128795526,5.728566324,1.975937649,-3.345844553,-2.093993599,1.062116891
333.134,-5.273930852,5.74455836,2.526217766,-3.793411552,-2.270555596,1.301127531
333.184,-5.38836499,5.757028411,0.851996852,-3.362338227,-2.508866237,1.591621294
333.234,-5.409916723,5.753470954,0.147518131,-2.819899938,-2.72191227,1.856751472
333.284,-4.13272958,5.485419108,-0.054589309,-0.612989429,-2.497289811,1.700494082
333.334,-4.477452601,5.554473962,-0.491962171,-0.081283254,-2.544424066,1.792628636
333.384,-4.755486863,5.608553129,-0.568674976,-0.355527203,-2.598006499,1.880612833
333.434,-4.977820843,5.650851497,-0.037152703,-0.989174189,-2.619843593,1.928549325
333.484,-5.15449301,5.683903565,0.018530974,-1.569863077,-2.71949647,2.044191353
333.534,-5.294219383,5.709711301,0.277877286,-2.275747483,-2.960518073,2.290259297
333.584,-5.404332698,5.729850878,0.889821713,-2.91600795,-2.890449743,2.228444903
333.634,-5.49087407,5.745560155,1.606332277,-3.469544723,-2.876938577,2.218191747
333.684,-5.558748708,5.757809448,2.309874812,-3.93393899,-2.798715385,2.138921309
333.734,-5.430975769,5.721536888,2.783818972,-4.118956825,-3.066958525,2.399763018
333.784,-2.323588013,4.807895977,0.58774602,-1.11307849,-3.236012058,2.564734915
333.834,-2.534641677,5.019553024,0.012210339,-0.23975763,-3.260812108,2.584563591
333.884,-3.142324734,5.1875496,0.33886731,-0.835590248,-2.863356866,2.162336028
333.934,-3.660775523,5.320300829,0.972440504,-1.549210175,-2.830421237,2.12998922
333.984,-4.09195255,5.424849319,1.69197704,-2.256358898,-2.88775238,2.186724917
334.034,-4.444376832,5.506976387,2.377077158,-2.898904074,-3.349273051,2.634336394
334.084,-4.728927665,5.571364388,2.697777189,-3.455008705,-3.428410708,2.71615803
334.134,-4.956651438,5.62176903,2.820614567,-3.910203772,-3.437401,2.727085378
334.184,-5.137712045,5.661181427,2.405708573,-4.019076565,-3.631143199,2.924143417
334.234,-5.280971902,5.691971194,2.107031595,-3.919723807,-3.673544793,2.964829321
334.284,-5.393907314,5.716008127,2.139659289,-4.304208347,-3.195442158,2.46457499
334.334,-5.280838027,5.584665019,2.262727797,-4.412441179,-3.027462113,2.299445326
334.384,-1.944275215,2.901760433,0.407981895,-1.216980071,-2.74107769,2.008760876
334.434,-2.326402417,3.457437082,-8.26826E-08,-0.138438098,-2.612884804,1.884932643
334.484,-2.960587338,3.923895945,0.066917404,-0.600588829,-2.436695484,1.709819461
334.534,-3.507374254,4.307613011,0.539092723,-1.291219693,-2.512399696,1.789013548
334.584,-3.965287617,4.618848763,1.220106772,-2.009963381,-2.78796744,2.060633249
334.634,-4.341365546,4.868758328,1.841738447,-2.646908623,-2.976923572,2.250486868
334.684,-4.646055169,5.067948547,0.632330557,-2.486327938,-2.943230016,2.22217064
334.734,-4.89050465,5.225844102,0.221789871,-2.302643542,-2.842523499,2.123306077
334.784,-5.085223014,5.35049098,0.809170314,-2.939697083,-2.528572948,1.797131878
334.834,-5.239502729,5.448583642,1.503707484,-3.489657225,-2.435039279,1.70831806
334.884,-5.361252826,5.525595474,1.77102996,-3.947625802,-2.289345078,1.564761835
334.934,-5.457040486,5.585946694,1.904066189,-4.129525183,-2.250371945,1.529977089
334.984,-5.53222747,5.633175323,0.421260216,-2.005686677,-2.269970552,1.55224621
335.034,-5.513775312,5.656159102,0.049460712,-1.439718742,-2.728098582,1.991005867
335.084,-4.052073708,5.395399659,-0.12468653,-0.232344523,-3.14648519,2.402091793
335.134,-4.411989312,5.483860872,-0.389595242,-0.06308203,-3.385242144,2.645080085
335.184,-4.702897647,5.553252772,0.00033514,-0.530523899,-3.679194444,2.942185107
335.234,-4.935890016,5.607597435,0.298368212,-1.210047814,-3.658911161,2.926915258
335.284,-5.121246304,5.650104393,0.886131866,-1.930609755,-3.038353699,2.264742498
335.334,-5.267968396,5.683320017,1.602469582,-2.607842498,-3.02812199,2.271570678
335.384,-5.383671012,5.7092558,2.306266659,-3.205664952,-3.261160656,2.513256365
335.434,-5.283552502,5.660700749,2.780733746,-3.531502409,-3.390198983,2.652562541
335.484,-2.070696139,4.314522047,0.586642186,-0.873238298,-3.203961069,2.476697818
335.534,-2.123946651,4.394516081,0.010142356,-0.10220304,-3.016608695,2.295619528
335.584,-2.781463821,4.688844584,0.143287903,-0.557680875,-3.12967864,2.41457973
335.634,-3.354862146,4.924675637,0.684869683,-1.241796343,-3.041801546,2.330618613
335.684,-3.838619756,5.112348868,1.385981309,-1.961763943,-2.660967407,1.934615532
335.734,-4.237930195,5.260939796,2.101428171,-2.636004432,-2.406146951,1.67748811
335.784,-4.562596586,5.378136923,2.761377524,-3.229962368,-2.150007832,1.416421458
335.834,-4.82374625,5.470304403,3.337672944,-3.734302317,-2.037097248,1.310313569
335.884,-5.032163547,5.542626909,3.824295109,-4.152414443,-2.204800448,1.479631103
335.934,-5.197532216,5.599280715,4.054043455,-4.413121116,-2.617039395,1.878122788
335.984,-5.328173272,5.643602282,1.361802588,-3.060308974,-2.777223235,2.045351396
336.034,-5.368302847,5.666593701,0.405238282,-2.302931231,-2.584976864,1.859710713
336.084,-4.205027015,5.45109471,-0.000782685,-0.48609548,-2.303066048,1.573224592
336.134,-4.535995191,5.527564816,-0.099329383,-0.206606833,-2.038392244,1.29678634
336.184,-4.802436863,5.587488741,0.082549794,-0.78634746,-2.301685857,1.558416822
336.234,-5.000253364,5.634381318,0.509686326,-1.453434613,-2.716114845,1.963719319
336.284,-4.854614888,5.671037022,0.026142518,-1.177430626,-2.966366336,2.22122456
336.334,-5.048713563,5.699666835,0.018078267,-1.333693467,-2.925747251,2.194907108
336.384,-5.039681467,5.722013688,-0.12225099,-0.442683599,-2.675519091,1.95037654
336.434,-5.203482085,5.739447719,-0.187851096,-0.543942749,-2.401068427,1.671886823
336.484,-5.332864599,5.753043725,0.000135041,-1.225783112,-2.69495681,1.964062705
336.534,-5.43472833,5.763643447,0.273079572,-1.933900822,-2.533459092,1.794188283
336.584,-5.514727388,5.771905275,0.417927794,-2.309328397,-2.017817236,1.005783229
336.634,-5.577435579,5.778343693,0.807749621,-2.7022005,-2.030393151,1.087898401
336.684,-5.626518328,5.783360423,1.519579891,-3.286924369,-2.329985097,1.414115067
336.734,-5.664892951,5.787268964,2.207104877,-3.78194476,-2.40385507,1.542999401
336.784,-5.694869475,5.790313854,2.347985865,-4.190849799,-2.284966873,1.480353541
336.834,-5.68815029,5.792685771,2.45920601,-4.346083874,-2.109485674,1.346759876
336.884,-5.090937242,5.794533358,0.520277329,-1.715998039,-2.286286874,1.543822704
336.934,-5.244019681,5.795972465,0.117967339,-1.303022154,-2.146432962,1.430356572
336.984,-5.364811092,5.797093366,0.640409469,-2.021421717,-1.898044417,1.186957519
337.034,-5.459836207,5.7979664,1.336349764,-2.689729197,-1.593578899,0.84066504
337.084,-5.534419665,5.798646364,2.05367355,-3.276208637,-1.451365608,0.714712735
337.134,-5.555613083,5.790729228,2.562903457,-3.595131544,-1.657657618,0.919685398
337.184,-4.844300575,5.615096914,0.519772837,-0.976176783,-2.237667766,1.456304265
337.234,-5.038860233,5.655966649,0.033034939,-0.224917001,-2.324918488,1.569506683
337.284,-4.996848763,5.687898681,-0.050473126,-0.094060128,-2.309125474,1.57765916
337.334,-5.169569278,5.712829634,0.048878002,-0.533742187,-2.091875961,1.372472244
337.384,-5.306116857,5.732283643,0.496949155,-1.21383034,-1.844973265,1.122334921
337.434,-5.413693118,5.747457345,1.170245173,-1.934329595,-1.85891054,1.150587412
337.484,-5.498221386,5.759288529,1.891329491,-2.611208971,-1.775834972,1.066417103
337.534,-5.396254396,5.720199436,2.420781161,-3.040623997,-1.497976254,0.60875613
337.584,-2.469073828,4.74922818,0.466444451,-0.712937706,-1.924902939,1.006290993
337.634,-2.522587474,4.769490756,0.007329619,-0.122914034,-2.388691034,1.467207122
337.684,-2.667104815,4.988977166,-0.159492295,4.50645E-05,-2.492828573,1.626168201
337.734,-3.256750356,5.163333244,-1.73901E-05,-0.180772625,-2.357017449,1.549819621
337.784,-3.756721779,5.301196163,0.27904209,-0.746308721,-2.455035643,1.684608814
337.834,-4.170819079,5.40982202,0.87608124,-1.451979509,-2.337522713,1.60421349
337.884,-4.508311312,5.495183003,1.174542505,-2.127718945,-2.350591716,1.641236119
337.934,-4.7802442,5.562125036,1.642873623,-2.775693319,-2.089304959,1.38730165
337.984,-4.997541337,5.614540265,2.343933704,-3.349925793,-2.249394949,1.555620108
338.034,-5.102975283,5.645889487,2.819876675,-3.706349475,-2.101047436,1.415314308
338.084,-3.880173485,5.473530779,0.686959092,-1.732574118,-1.789348907,1.068383089
338.134,-3.618133047,5.478850232,0.13458887,-1.526464162,-1.791176389,1.085151189
338.184,-4.056814112,5.549325667,0.66990898,-2.234952195,-1.920485129,1.226066465
338.234,-4.415841328,5.604523951,1.349577535,-2.871049142,-0.824279664,0.387175556
338.284,-4.705994757,5.647701633,1.57365102,-3.227015706,-1.137641938,0.630525222
338.334,-4.938360977,5.681443208,2.01144457,-3.70404751,-1.342094631,0.789160439
338.384,-5.123206433,5.707790782,0.986443536,-3.514045727,-1.555957306,0.960792945
338.434,-5.269516624,5.728352512,1.148886716,-3.632923508,-1.490673315,0.855266526
338.484,-5.384889922,5.744391611,1.734326223,-4.069007972,-1.540900475,0.87775544
338.534,-5.475608139,5.756898405,2.300012016,-4.285467395,-1.376951427,0.634346141
338.584,-5.54678445,5.766648127,0.654472945,-2.022982232,-1.648641614,0.877778222
338.634,-5.538907955,5.760883877,0.567607552,-1.973093121,-2.118384978,1.307788757
338.684,-4.324303738,5.489482443,0.00517088,-0.530442236,-2.588517805,1.759748951
338.734,-4.632305695,5.557658213,-0.00708625,-0.825420317,-2.52086462,1.718069996
338.784,-4.879516498,5.61104499,-0.090635755,-1.048631849,-2.375455183,1.588789165
338.834,-5.076495574,5.652799415,0.038580881,-1.768664587,-1.97426017,1.128144491
338.884,-5.232602767,5.685425007,0.242587725,-2.435764689,-2.111954788,1.289087377
338.934,-5.355816642,5.71089887,0.793408529,-3.044743369,-2.400783865,1.587548778
338.984,-5.452768881,5.730777376,0.98804747,-3.316634326,-2.72062322,1.917865325
339.034,-5.518365686,5.746282695,1.332380479,-3.744481683,-2.594452649,1.823316514
339.084,-5.357369582,5.758372758,0.335218309,-3.089791187,-2.530740046,1.782833132
339.134,-5.214608855,5.568233898,0.246543666,-2.971439052,-2.200332664,1.452484387
339.184,-1.591821802,2.168944425,-0.021335517,-0.667232368,-1.897425497,1.140610781
339.234,-0.701616299,2.284432614,-0.358312812,-0.091534407,-1.829511159,1.093018823
339.284,-1.404484199,2.923662259,0.004433143,-0.590422468,-2.076820158,1.321805822
339.334,-2.119150265,3.476045913,0.33814205,-1.279587234,-1.646678968,0.667091161
339.384,-2.777188351,3.939329653,0.845285508,-1.998650819,-1.842568523,0.895669618
339.434,-3.351204856,4.320203623,1.559478695,-2.669253828,-2.041015335,1.132931445
339.484,-3.835572786,4.629000566,2.266004485,-3.258599675,-2.243655258,1.374660686
339.534,-4.235436713,4.876874556,2.751375189,-3.613274931,-2.135450667,1.327200467
339.584,-4.555947984,5.074396841,0.632578467,-1.387661667,-1.953453137,1.188670062
339.634,-4.717809776,5.230943291,0.04396671,-0.548703162,-1.652608624,0.885540302
339.684,-4.94778554,5.354509089,0.484509086,-1.23134274,-1.69951036,0.961538151
339.734,-5.130681556,5.451741368,1.155331484,-1.951523009,-1.863844057,1.139388298
339.784,-5.2754203,5.528071951,1.876545361,-2.626755277,-2.13383484,1.411234159
339.834,-5.389537471,5.587885832,2.420513942,-3.120489955,-2.030204092,1.327615096
339.884,-5.479257836,5.634691866,0.600504409,-1.671410079,-2.25892696,1.558840164
339.934,-5.549645143,5.671279661,0.081994119,-1.716380765,-2.139898897,1.454777621
339.984,-5.604773993,5.699856279,0.116456626,-2.175943,-1.160613573,0.580719507
340.034,-5.647897114,5.722161516,0.458065149,-2.827715177,-1.226836361,0.627855033
340.084,-5.681595903,5.739563023,0.870915895,-3.394374268,-1.505640487,0.855229367
340.134,-5.707909976,5.75313363,1.436511949,-3.85591178,-1.202180872,0.373585319
340.184,-5.728445507,5.763713529,0.587804199,-3.911775464,-1.396578483,0.559065537
340.234,-5.527704777,5.619843168,0.606091147,-4.101288656,-1.49003593,0.674509464
340.284,-1.897075462,2.892668792,0.00540884,-1.107291652,-1.687560781,0.877689673
340.334,-1.530579278,3.323869309,-0.224137722,-0.220150946,-1.623574845,0.847281681
340.384,-2.044494341,3.812784556,-0.666339319,-0.047348238,-1.712260076,0.953438267
340.434,-2.7104377,4.216779858,-0.057374819,-0.493127501,-1.591505853,0.852339561
340.484,-3.293998041,4.545500044,0.119867995,-1.165673525,-1.440707841,0.707352759
340.534,-3.787853162,4.810052585,0.638691464,-1.886801464,-1.418668522,0.69882243
340.584,-4.196351803,5.021269117,1.175438834,-2.568114426,-1.771135653,1.022000434
340.634,-4.484380436,5.188908249,1.623353334,-3.061386907,-1.716278612,0.985118628
340.684,-3.789316325,5.321372383,0.225326049,-1.490130998,-1.868746496,1.141707864
340.734,-3.190949237,5.425691995,-0.003003933,-1.426586214,-1.985541961,1.265567789
340.784,-3.701605401,5.507637608,0.240179801,-2.140263745,-2.166586926,1.448022264
340.834,-4.125546876,5.571882345,0.816729155,-2.791962036,-2.199334916,1.488703893
340.884,-4.471629439,5.622174234,0.998792115,-3.270493358,-2.466935601,1.751297422
340.934,-4.750812722,5.661498103,1.189930113,-3.768213751,-2.460043565,1.750880328
340.984,-4.974096276,5.69221849,1.225700661,-4.180247535,-2.285591671,1.575849637
341.034,-4.936262062,5.543780517,1.185955059,-4.314529319,-2.16873485,1.460165664
341.084,-1.456546551,2.526799558,0.099452044,-1.195563422,-2.398399551,1.685003144
341.134,-0.426468558,2.737404385,-0.061022893,-0.299464811,-2.712336892,1.99222315
341.184,-1.084427474,3.317133614,0.030581933,-0.91958922,-3.125351501,2.396206052
341.234,-1.805736211,3.807165439,0.447507915,-1.637372917,-3.160354519,2.438382444
341.284,-2.494190099,4.212177236,1.110395119,-2.338815211,-2.983339231,2.264623087
341.334,-3.107204795,4.54177817,1.831771717,-2.971488267,-2.924959488,2.211229986
341.384,-3.631230739,4.80707068,2.517991657,-3.516612265,-2.968318888,2.257711014
341.434,-4.067612717,5.01889628,3.080174457,-3.97293609,-3.028244115,2.320250401
341.484,-4.424614064,5.187029634,2.497601994,-4.345317916,-3.077555724,2.370722071
341.534,-4.507795674,5.170604887,1.083554875,-4.396032734,-2.857650019,2.147744015
341.584,-1.285767177,2.586089827,0.077238629,-1.217084165,-2.724249874,2.013174279
341.634,-0.382103113,2.920853218,-0.095539843,-0.185011652,-2.368805777,1.630181259
341.684,-1.028556568,3.473660336,-0.331498712,-0.433507197,-2.646839206,1.905886852
341.734,-1.74929324,3.937351735,-0.000606222,-1.086222176,-2.689635936,1.957361865
341.784,-2.442389423,4.318590418,-0.02756997,-1.62305995,-2.447675254,1.713970624
341.834,-3.062105462,4.627700045,0.024478982,-2.325482694,-2.583005158,1.854634281
341.884,-3.593222122,4.875834927,0.428521263,-2.959779278,-2.694634749,1.971604197
341.934,-4.036261601,5.073570933,1.058528248,-3.50668927,-2.66485147,1.949080368
341.984,-4.399136376,5.230290221,1.020257797,-3.960236066,-2.818828735,2.104813979
342.034,-4.645428959,5.353994502,0.340731869,-4.0537565,-2.831300256,2.122203694
342.084,-3.87873944,5.451336983,-0.006109387,-1.211584115,-2.865547813,2.15906803
342.134,-3.41196383,5.527754817,-0.320188656,-0.326591149,-2.981607021,2.276285502
342.184,-3.886134341,5.587637514,-0.116487318,-0.798023099,-3.18797859,2.480383259
342.234,-4.276780717,5.634497667,0.010245019,-1.465000904,-3.05365559,2.345407873
342.284,-4.593973135,5.671127929,-0.137887871,-1.174650479,-2.629445294,1.892774975
342.334,-4.825208438,5.699737812,-0.466221156,-1.426875797,-2.421995692,1.686494215
342.384,-4.521095554,5.722069073,-1.114558034,-0.570484904,-2.600926293,1.867717977
342.434,-4.385280891,5.727752533,-1.574056853,-0.822357848,-2.630620355,1.904817088
342.484,-2.324701571,5.497193711,-2.271617441,-0.103038671,-2.807804395,2.083842259
342.534,-2.39646128,5.563700453,-2.713153238,-0.30325908,-2.90410511,2.184932645
342.584,-3.021997098,5.615772949,-0.562571264,-0.924758361,-2.780485761,2.064761268
342.634,-3.559353662,5.656495054,-0.002639035,-1.642741604,-2.637089037,1.904364162
342.684,-4.008288409,5.688311362,0.242810305,-2.343810894,-2.069475359,1.021543754
342.734,-4.333595386,5.713151733,0.754458329,-2.833804222,-2.07168146,1.100606705
342.784,-3.700192286,5.73253492,0.020648796,-0.849188156,-2.326258074,1.391494748
342.834,-3.047891808,5.74341915,-0.177118762,-0.173184081,-2.316380261,1.445398223
342.884,-2.547544903,5.66651498,-0.73546132,0.000879592,-1.931174656,1.10578546
342.934,-2.710904793,5.69613603,-1.251897361,-0.053891599,-1.031187281,0.401391615
342.984,-3.294399062,5.719258413,-0.909766175,-0.377023494,-1.371108927,0.690234722
343.034,-3.784501212,5.737298585,-0.211205114,-0.953061996,-1.726617043,1.016606715
343.084,-4.106144718,5.751367962,-0.692999641,-0.291348648,-2.06763216,1.344385326
343.134,-4.335404623,5.762337138,-1.142055615,-0.370869501,-2.450779087,1.719056911
343.184,-4.641252245,5.770887179,-0.089709235,-1.014146427,-2.661659713,1.937740817
343.234,-4.759186657,5.757651137,0.063288917,-1.620845631,-2.761073909,2.048087789
343.284,-2.551704243,5.352510311,-0.113461784,-0.307964001,-2.697393233,1.993315932
343.334,-1.858980713,5.424338991,-0.632180826,-0.01942261,-2.87785174,2.176301436
343.384,-0.982566488,4.968496101,-1.32707864,0.168622575,-2.904476295,2.207331425
343.434,-1.401420195,5.147102332,-2.001585125,0.275277252,-2.88879461,2.194725406
343.484,-2.116218529,5.28838554,-1.625945219,0.003388723,-2.900022649,2.206569061
343.534,-2.774574258,5.399742001,-0.462896506,-0.23758793,-2.767546817,2.071915153
343.584,-3.348968324,5.487270146,8.39418E-06,-0.832431527,-2.620044721,1.919732616
343.634,-3.833709259,5.555924569,0.270057412,-1.545859193,-2.804030972,2.088491051
343.684,-4.214173512,5.609688333,0.331110376,-2.209683938,-3.215044162,2.48927972
343.734,-4.119180255,5.651738912,0.045303336,-2.713021929,-3.428931482,2.703915139
343.784,-4.466466824,5.684596697,0.453091259,-3.29621659,-3.262407025,2.540265075
343.834,-4.540113956,5.497070791,0.825563296,-3.605388451,-3.120391121,2.398738278
343.884,-1.26937871,1.909249952,0.030574741,-0.89493494,-2.630152347,1.868187786
343.934,-0.154145597,1.35504012,-0.157281878,-0.063462645,-2.545229249,1.796859521
343.984,-0.703139245,2.071694953,0.050132628,-0.531382585,-2.332799126,1.573382658
344.034,-1.406161897,2.734802744,0.440977747,-1.145020815,-1.859980729,0.833325016
344.084,-2.120755044,3.314903043,0.009034896,-0.505864191,-2.0870189,1.096323113
344.134,-2.778619013,3.805304287,-0.061451853,-0.803664333,-2.446930202,1.47959756
344.184,-3.352428753,4.210652572,0.115399726,-1.515213624,-2.625886598,1.712749183
344.234,-3.836592493,4.54054515,0.568987996,-2.172241723,-2.860677535,1.992275807
344.284,-4.236271216,4.806082739,0.025320182,-1.641919014,-2.835393118,2.023001324
344.334,-4.561255962,5.018110091,-0.130405823,-0.949755769,-2.794557642,2.027210042
344.384,-4.822672688,5.186407173,0.041808314,-1.668616967,-2.817292981,2.082455901
344.434,-4.86006201,5.283050713,0.320186923,-2.222636657,-2.90684319,2.194493552
344.484,-1.955632432,4.640809462,-0.008478937,-0.395438108,-3.100223794,2.40081441
344.534,-0.817866231,4.793819154,-0.362652609,4.18552E-05,-3.193509916,2.505586106
344.584,-1.517699925,5.008349317,-0.886283517,-0.002091548,-3.004455762,2.323228099
344.634,-2.226688884,5.178678173,-0.991876947,-0.263532625,-3.159375375,2.481355442
344.684,-2.872685659,5.313303219,-1.010133623,-0.529408256,-3.281438623,2.605151561
344.734,-3.432702633,5.419345875,-0.666222781,-1.089676433,-3.450638541,2.773164964
344.784,-3.903364485,5.50265773,-0.01059055,-1.811008734,-3.415806472,2.737616025
344.834,-4.29085386,5.567981259,0.202522986,-2.499014859,-3.438443692,2.75794245
344.884,-4.605330159,5.619122265,0.67054187,-3.111398123,-3.315902841,2.631147537
344.934,-4.648958901,5.445463425,0.855398233,-3.454298157,-3.335388007,2.647114968
344.984,-1.314326825,1.846808276,0.035167203,-0.836663309,-3.143895436,2.4481395
345.034,-0.160315168,0.967239573,-0.149550933,-0.033251165,-2.774533053,2.053993419
345.084,-0.466238389,1.686631253,-0.684417811,0.085060162,-3.017526398,2.293898183
345.134,-1.133254107,2.384545901,-1.054366253,-0.020869261,-3.086286586,2.359993779
345.184,-1.854591342,3.011572438,-1.249683659,-0.23883097,-2.549582186,1.757442394
345.234,-2.53880658,3.55054048,-0.844990963,-0.834242211,-2.650749621,1.874889409
345.284,-3.145935879,4.001003491,-0.132843499,-1.547780419,-2.845239234,2.079586661
345.334,-3.663810795,4.370453588,-0.005017601,-2.254733055,-3.172560382,2.410604434
345.384,-4.094451624,4.669480764,0.009215876,-2.875852279,-3.559479704,2.800405091
345.434,-4.446405116,4.909216644,-0.061517758,-3.10019408,-3.717916362,2.969834176
345.484,-4.730557032,5.100079862,0.112764539,-3.62532738,-3.376604073,2.635104719
345.534,-4.835609768,5.237768633,0.443203974,-3.871823112,-3.198786363,2.464013345
345.584,-2.696228873,5.074536185,-0.000204221,-0.999352621,-2.646060723,1.86244328
345.634,-2.139156237,5.231053473,-0.280956315,-0.082966144,-2.706274064,1.941977362
345.684,-2.795011382,5.354595907,-0.378214798,-0.405272859,-2.954017802,2.198485107
345.734,-3.366445509,5.451809593,-0.037362316,-1.057933129,-3.041993537,2.300836325
345.784,-3.848267138,5.528125455,0.036624364,-1.7790449,-3.228422965,2.495948391
345.834,-4.117751433,5.56498319,0.196158258,-2.321376598,-3.368934487,2.643776849
345.884,-2.058165674,5.138527953,-0.035282767,-0.427480386,-3.094052718,2.371193136
345.934,-1.722104164,5.112789164,-0.461113942,0.000555575,-3.378006752,2.656445357
345.984,-0.252321436,2.267723501,-1.12702346,0.303314635,-3.677543443,2.957282865
346.034,-0.033801559,2.786916047,-1.72233552,0.820156542,-3.942036472,3.223849854
346.084,-0.456908584,3.359524862,-0.255413254,0.029768453,-3.921074762,3.208789484
346.134,-1.121897318,3.842503715,0.019368954,-0.158718872,-3.927213496,3.218594817
346.184,-1.843265513,4.241108253,0.411077959,-0.710710838,-3.799339765,3.07893261
346.234,-2.527980223,4.565164598,0.974829676,-1.377138609,-3.9772063,3.259036265
346.284,-3.109910551,4.82580259,0.092073403,-1.163084487,-3.782567041,3.064414676
346.334,-3.302130084,5.033799216,-0.061761799,-0.46263244,-3.116187227,2.346942479
346.384,-3.794643441,5.198826814,0.114376469,-1.128871552,-2.788781791,2.023843829
346.434,-4.035424411,5.282342441,0.527801712,-1.722127401,-2.93423489,2.181021371
346.484,-1.412379684,4.422233898,0.001091141,-0.239368561,-3.067006672,2.324316732
346.534,-0.371723424,4.314043363,-0.257089934,0.023023626,-3.201705969,2.467395988
346.584,-0.003028373,3.671017059,-0.860533566,0.4111087,-3.157572232,2.432504939
346.634,-0.022826257,4.100383769,-1.478789721,0.603684449,-3.260645484,2.540277688
346.684,-0.423059293,4.451219105,-0.364860247,0.005233051,-3.022947873,2.30327846
346.734,-1.080189197,4.734423855,-0.000224246,-0.226983384,-3.135031557,2.419220134
346.784,-1.801475214,4.961033422,0.27154899,-0.816869517,-3.269868526,2.556038434
346.834,-2.484416521,5.141186329,0.79423869,-1.447771136,-3.054430318,2.339500746
346.884,-2.943576593,5.283715035,0.029770392,-0.520586197,-3.072400065,2.359683702
346.934,-3.099876133,5.396066325,-0.154251158,-0.06472321,-3.301362249,2.584547856
346.984,-3.625059608,5.484384307,-0.511674357,-0.138464364,-2.98906426,2.263782603
347.034,-4.062525471,5.553662993,-0.970313721,-0.252856967,-3.158574549,2.434807482
347.084,-4.420481577,5.607918473,-0.419003354,-0.752711865,-3.358614405,2.635663753
347.134,-4.665666634,5.650355363,-0.485997647,-1.228387466,-3.487118475,2.765809847
347.184,-3.962817333,5.683516046,-1.157120978,-0.140388852,-3.19962391,2.474725224
347.234,-3.456620298,5.502676092,-1.878321257,0.032951578,-3.349606384,2.627712039
347.284,-0.848267744,2.0288816,-2.560406466,0.454462588,-3.338065515,2.620925816
347.334,-0.126973855,2.144426779,-3.120838556,1.029460047,-3.263074279,2.549892032
347.384,-0.656552344,2.799702399,-2.574936034,0.128633533,-3.347293636,2.635888021
347.434,-1.354458621,3.370454495,-0.725328044,-0.064234429,-3.526497516,2.811187385
347.484,-2.071134964,3.851605033,-0.01703258,-0.533118011,-2.950969401,2.19074101
347.534,-2.734301654,4.248553803,0.176630219,-1.212940741,-2.9475937,2.200851863
347.584,-3.314473388,4.571179993,0.350281826,-1.910157866,-2.992392378,2.255733752
347.634,-3.804945771,4.830618878,0.025388576,-2.131585532,-3.137337587,2.407154249
347.684,-4.210358862,5.0376299,-0.001905422,-2.565205902,-3.145435236,2.422402804
347.734,-4.338343741,5.038348081,-0.225583392,-2.326982112,-3.419218328,2.696486868
347.784,-1.200649793,2.263977561,-0.814799247,-0.429354692,-3.442667971,2.725767295
347.834,-0.253731886,2.282592366,-1.511290983,-4.06208E-05,-3.618604373,2.904461945
347.884,-0.855739835,2.922040806,-1.734189431,-0.017412506,-3.666449038,2.953226792
347.934,-1.57052306,3.474668935,-0.580534269,-0.387537048,-3.073337625,2.322041013
347.982,-2.276366317,3.938188002,-0.881193549,-0.704002893,-2.776069228,2.026704994
348.034,-2.792141417,4.290422027,-1.244590095,-0.979638424,-2.753851966,2.014214143
348.084,-1.048755727,3.987206774,-1.964498076,-0.056675016,-2.476985831,1.731975014
348.134,-0.529991047,4.225920912,-2.620050604,0.0966073,-2.809721729,2.060911471
348.184,-1.120246231,4.552890381,-2.763879351,-0.001955715,-3.324909813,2.565681367
348.234,-1.841617061,4.815972723,-2.455443846,-0.218040099,-3.776084954,3.016109029
348.284,-2.526977386,5.025979523,-0.674933543,-0.803578207,-3.950533913,3.201905793
348.334,-3.06371741,5.168647227,-0.166714647,-1.399422943,-3.941399827,3.204371071
348.384,-2.043374592,4.776170898,-0.723785601,-0.150958306,-3.737134555,3.0077631
348.434,-0.910368931,4.440059112,-1.319465631,0.033213307,-3.866429619,3.142476938
348.484,-1.627781051,4.725458839,-0.151452917,-0.152750714,-3.691722123,2.969469282
348.534,-2.329882654,4.95388551,0.044874729,-0.700296515,-3.027202801,2.248829686
348.584,-2.963644591,5.135518875,0.165887242,-1.378356019,-2.804605136,2.038580868
348.634,-3.499294864,5.279240168,0.010142977,-1.773041092,-3.139557973,2.374998012
348.684,-3.705026062,5.392544267,-0.169963316,-0.680435192,-2.994826013,2.245127246
348.734,-3.745350718,5.481618866,-0.725891245,-0.100081549,-3.059970025,2.321147459
348.784,-3.659843399,5.551495643,-1.333018223,-0.00958631,-3.176528095,2.445270438
348.834,-3.91519961,5.606222278,-1.899619112,-0.034334294,-3.451138441,2.718695993
348.884,-1.016540673,1.721663534,-2.579753927,0.150899647,-3.005278534,2.259013833
348.934,-0.090228089,0.308957252,-3.025446876,0.619946521,-3.081273414,2.344394285
348.984,-0.587832198,0.9324878,-0.809460375,0.006469926,-3.451503674,2.713042413
349.034,-1.271834903,1.650757813,-0.045597986,-0.193545979,-3.878037897,3.137894099
349.084,-1.865081528,2.351264871,-0.422056316,-0.040988198,-4.025270711,3.293192807
349.134,-2.516647379,2.982412595,-1.067398444,0.001240758,-3.725039258,2.990704748
349.184,-3.048440718,3.525865278,-1.788595692,0.224069074,-2.955582147,2.106974015
349.234,-3.456752514,3.980594292,-2.355830457,0.632843871,-3.19849699,2.37434464
349.284,-3.923327968,4.353835823,-0.737693885,0.007854248,-3.601716972,2.792062935
349.334,-4.307149542,4.656100274,-0.266826689,-0.174100995,-3.689436431,2.904928299
349.384,-4.618474998,4.898529908,-0.442663347,-0.461643849,-3.106239515,2.31962995
349.434,-4.65924284,4.877586199,-0.972204866,-0.303726333,-2.534754311,1.715650429
349.484,-1.318586449,1.420006411,-1.691734966,0.010724312,-2.409065332,1.624345709
349.534,-0.167656961,0.288077711,-2.38469429,0.359884484,-2.680715271,1.907821822
349.584,-0.725313367,0.903965097,-2.816923051,0.447159964,-2.7885276,2.036355499
349.634,-1.430498088,1.621107213,-1.557973521,0.004050044,-2.938792794,2.201261099
349.684,-2.143994422,2.323662134,-0.193005416,-0.233485337,-2.989432844,2.266017438
349.734,-2.753378108,2.957647675,0.020360342,-0.741586965,-3.220443595,2.501769314
349.784,-2.261214442,3.48388757,-0.177779634,-0.019016879,-3.157182546,2.448017766
349.834,-1.112080718,3.72709414,-0.741560388,0.179796626,-3.275686099,2.571150795
349.884,-0.198517439,3.614533333,-1.448223986,0.691481854,-3.557397066,2.851463087
349.934,-0.018199194,3.975363395,-2.160876115,1.251105243,-3.554314404,2.846081094
349.984,-0.021975682,4.145882036,-2.814331271,1.964374005,-2.90744888,2.127602161
350.034,-0.278624996,4.488112262,-3.20893182,2.332386344,-3.178511847,2.408389096
350.084,-0.890863357,4.764041246,-0.743626965,0.431163434,-3.489804473,2.728094252
350.134,-1.607422107,4.984636231,-0.01927197,-0.000457182,-3.563272485,2.816189103
350.184,-2.31089255,5.159893777,0.173799602,-0.301860379,-3.247118113,2.507634459
350.234,-2.946953887,5.298481874,0.466515767,-0.920302013,-3.302296232,2.573668772
350.284,-3.495813748,5.407686519,0.67526943,-1.537198312,-3.142165343,2.405430154
350.334,-3.76735155,5.271122198,0.123610118,-1.438718161,-3.359399311,2.628703612
350.384,-0.958167487,1.575719839,-0.067056902,-0.161104973,-3.484265519,2.760796366
350.434,-0.052702898,0.207445849,-0.539400966,0.048475663,-3.27981124,2.561309418
350.484,0.11202238,0.008638166,-1.220467896,0.495948476,-3.045920051,2.3284623
350.534,0.113032601,0.30809372,-1.89719543,1.073076348,-3.017750105,2.304087926
350.584,-0.073403457,0.931318988,-1.518202965,0.108350762,-2.770777525,2.052025113
350.634,-0.553189512,1.649546525,-0.435672053,-0.071786401,-3.000585381,2.280232379
350.684,-1.236571704,2.350138944,-0.724207578,-0.30181593,-2.969431918,2.253046824
350.734,-1.956647655,2.981424984,-1.065128802,-0.498306336,-3.105483228,2.390292139
350.784,-2.631384622,3.525028959,-0.236211988,-1.169607375,-3.424598795,2.704441423
350.834,-3.078205708,3.928742538,-0.352129274,-1.702844794,-3.742317985,3.018590814
350.884,-0.943350774,3.176167651,-0.989846274,-0.233786948,-3.744051903,3.023958842
350.934,-0.119205945,2.166119147,-1.707001232,0.015532767,-3.936631777,3.217318235
350.984,-0.521553004,2.818990328,-2.314582246,-0.00650944,-3.998467776,3.280711298
351.034,-1.199474605,3.386927919,-2.380256276,-0.18583086,-3.629184204,2.904073896
351.084,-1.920199906,3.865315214,-0.449988249,-0.754278872,-3.457845639,2.733173509
351.134,-2.478725065,4.237656174,-0.006537428,-1.348426976,-3.685243512,2.959249597
351.184,-0.849152575,4.059703139,-0.354900776,-0.13808013,-3.621575766,2.898742185
351.234,-0.162450345,3.795741134,-0.976356795,0.040960495,-3.652497051,2.931710686
351.284,-0.716837749,4.20281686,-1.228245592,-0.049499544,-3.479555594,2.75915527
351.334,-1.309232512,4.343582814,-1.34688907,-0.300739063,-3.588421289,2.869588025
351.384,-0.128415465,1.339938458,-2.063841345,0.011167033,-3.782032896,3.062815006
351.434,0.042333612,0.398566318,-2.580881735,0.321641586,-3.94628906,3.226695975
351.484,-0.138776178,1.049476102,-0.606536941,-0.00829579,-3.660078265,2.937982748
351.534,-0.629582696,1.765420896,-0.0148105,-0.310585019,-3.292871818,2.562600363
351.584,-0.247449181,2.327316308,-0.393812547,0.004384207,-2.881256708,2.132144938
351.634,-0.099264052,2.854842546,-0.960425092,0.287727542,-3.119425195,2.373512084
351.684,-0.605496518,3.417505364,-0.142549535,-0.01322855,-3.424483932,2.679218715
351.734,-1.296818563,3.890739721,-0.000553225,-0.363113297,-3.304452907,2.566731877
351.784,-2.015401444,4.280543059,-0.228212918,-0.294423053,-2.944855295,2.198420255
351.834,-2.684319492,4.597009799,-0.792218306,-0.010089686,-3.268580047,2.521794812
351.884,-3.271558178,4.851291064,-0.821702117,-0.286482181,-3.725105188,2.975206961
351.934,-3.585294388,4.892265396,-1.2155361,-0.488654717,-4.139030312,3.411734783
351.984,-0.893915125,2.15580388,-1.93600636,-0.000135621,-4.348866785,3.625049463
352.034,-0.107362583,1.737383721,-2.599365769,0.253755497,-4.513399761,3.792941936
352.084,-0.620864738,2.431423391,-2.818327386,0.21088375,-4.543554062,3.826920587
352.134,-1.219468947,3.005803632,-1.900092853,-3.10843E-05,-4.699967646,3.983867191
352.184,-0.214018881,2.529737679,-2.580183873,0.279231902,-4.143239983,3.415146547
352.234,-0.017680794,2.604467558,-3.140432773,0.814503523,-4.033443113,3.31213114
352.284,-0.404906357,3.202750529,-2.722636116,0.092737481,-4.176869974,3.459198799
352.334,-1.057471908,3.711501865,-2.107328531,-0.038906313,-4.393320036,3.67800687
352.384,-1.77857908,4.133682223,-1.281848189,-0.303624054,-4.307560967,3.595192563
352.434,-2.320962185,4.302659465,-1.504550491,-0.339503889,-3.680138773,2.924656534
352.484,-0.427341893,1.486241041,-2.214275008,0.006238234,-2.821626928,1.697186073
352.534,0.000467948,0.375000063,-2.861699678,0.353165956,-2.637318005,1.620956302
352.584,0.237794202,0.156801493,-3.423347308,0.991199387,-2.652042174,1.712791906
352.634,0.211481528,0.595472789,-3.708687104,1.5881082,,
352.684,-0.030491443,1.285371697,-0.935175549,0.201313727,,
352.734,-0.444794037,2.004278615,-0.071636471,-0.022293951,,
352.784,-1.012752393,2.674317804,-0.529131325,0.014198409,,
352.834,-1.364639971,3.262956578,-1.20840937,0.333836954,,
352.884,-2.041968502,3.761912278,-1.928997772,0.786359665,,
352.934,-2.449462465,4.175078029,-2.581718323,1.410591435,,
352.984,-3.068271975,4.511759551,-2.619683405,0.468004581,,
353.034,-3.551590108,4.776346884,-2.990542582,0.536075589,,
353.084,-2.974114757,4.838439579,-3.532748334,1.216569391,,
353.134,-2.531831383,4.777699827,-3.971227065,1.842765821,,
353.184,-2.455292265,4.995515176,-4.001922504,0.686097042,,
353.234,-2.681025141,5.168512865,-4.002475234,0.199431144,,
353.284,-3.073130601,5.305283317,-4.130724287,0.332993737,,
353.334,-3.271928176,5.192304486,-4.433667231,0.662325659,,
353.384,-0.767315667,1.542212235,-4.720322886,1.360910177,,
353.434,-0.038953837,0.232637286,-4.740750533,1.941477861,,
353.484,-0.471249064,0.82519245,-1.374476995,0.30513583,,
353.534,-1.135456045,1.538169191,-0.179930225,-0.005122578,,
353.584,-1.738933636,2.245975048,-0.604468717,0.012857727,,
